invoice_id,customer_id,invoice_date,due_date,subtotal,tax_amount,invoice_value
INV00001,C0035,2024-05-12,2024-06-11,1415.73,283.15,1698.88
INV00002,C0164,2025-10-03,2025-11-02,4825.1,965.02,5790.12
INV00003,C0140,2025-02-07,2025-03-09,889.02,177.8,1066.82
INV00004,C0244,2024-08-22,2024-09-21,1262.09,252.42,1514.51
INV00005,C0212,2025-08-31,2025-09-30,965.89,193.18,1159.07
INV00006,C0022,2025-01-07,2025-02-06,66.59,13.32,79.91
INV00007,C0213,2025-04-21,2025-05-21,983.58,196.72,1180.3
INV00008,C0111,2025-02-02,2025-03-04,2656.92,531.38,3188.3
INV00009,C0038,2025-07-03,2025-08-02,3694.92,738.98,4433.9
INV00010,C0242,2025-11-29,2025-12-29,4178.4,835.68,5014.08
INV00011,C0161,2024-02-06,2024-03-07,1339.72,267.94,1607.66
INV00012,C0143,2024-04-28,2024-05-28,1709.21,341.84,2051.05
INV00013,C0133,2025-10-12,2025-11-11,2724.0,544.8,3268.8
INV00014,C0050,2024-02-26,2024-03-27,1828.25,365.65,2193.9
INV00015,C0070,2024-09-18,2024-10-18,2492.24,498.45,2990.69
INV00016,C0249,2024-11-19,2024-12-19,199.77,39.95,239.72
INV00017,C0160,2024-08-24,2024-09-23,6341.84,1268.37,7610.21
INV00018,C0053,2025-12-18,2026-01-17,3401.3,680.26,4081.56
INV00019,C0167,2024-11-11,2024-12-11,3913.48,782.7,4696.18
INV00020,C0175,2024-09-13,2024-10-13,679.51,135.9,815.41
INV00021,C0202,2025-02-15,2025-03-17,3270.28,654.06,3924.34
INV00022,C0109,2024-03-16,2024-04-15,6079.44,1215.89,7295.33
INV00023,C0209,2024-01-05,2024-02-04,3564.99,713.0,4277.99
INV00024,C0161,2025-12-04,2026-01-03,4020.59,804.12,4824.71
INV00025,C0210,2024-03-27,2024-04-26,588.71,117.74,706.45
INV00026,C0187,2025-02-27,2025-03-29,1462.6,292.52,1755.12
INV00027,C0143,2024-12-03,2025-01-02,2814.52,562.9,3377.42
INV00028,C0025,2025-03-01,2025-03-31,2339.63,467.93,2807.56
INV00029,C0240,2025-01-25,2025-02-24,1630.22,326.04,1956.26
INV00030,C0045,2025-06-11,2025-07-11,1653.06,330.61,1983.67
INV00031,C0240,2024-07-28,2024-08-27,1184.05,236.81,1420.86
INV00032,C0222,2024-09-21,2024-10-21,8277.44,1655.49,9932.93
INV00033,C0109,2024-09-21,2024-10-21,1393.0,278.6,1671.6
INV00034,C0161,2024-03-04,2024-04-03,101.01,20.2,121.21
INV00035,C0062,2024-05-30,2024-06-29,1609.79,321.96,1931.75
INV00036,C0053,2024-04-18,2024-05-18,2050.25,410.05,2460.3
INV00037,C0062,2024-03-07,2024-04-06,3434.12,686.82,4120.94
INV00038,C0170,2024-05-07,2024-06-06,4145.14,829.03,4974.17
INV00039,C0140,2025-01-14,2025-02-13,4810.06,962.01,5772.07
INV00040,C0133,2024-12-27,2025-01-26,3717.68,743.54,4461.22
INV00041,C0179,2025-04-29,2025-05-29,3662.09,732.42,4394.51
INV00042,C0165,2024-03-23,2024-04-22,2704.28,540.86,3245.14
INV00043,C0202,2025-10-07,2025-11-06,759.3,151.86,911.16
INV00044,C0073,2024-06-30,2024-07-30,2096.56,419.31,2515.87
INV00045,C0211,2025-06-30,2025-07-30,913.74,182.75,1096.49
INV00046,C0132,2024-09-07,2024-10-07,981.64,196.33,1177.97
INV00047,C0104,2024-08-09,2024-09-08,2480.6,496.12,2976.72
INV00048,C0026,2025-06-03,2025-07-03,1424.89,284.98,1709.87
INV00049,C0219,2025-02-07,2025-03-09,2051.16,410.23,2461.39
INV00050,C0239,2024-11-11,2024-12-11,1493.83,298.77,1792.6
INV00051,C0053,2025-05-13,2025-06-12,2527.21,505.44,3032.65
INV00052,C0240,2025-02-14,2025-03-16,2170.19,434.04,2604.23
INV00053,C0059,2025-09-02,2025-10-02,5727.24,1145.45,6872.69
INV00054,C0201,2024-04-24,2024-05-24,471.1,94.22,565.32
INV00055,C0115,2025-12-19,2026-01-18,871.53,174.31,1045.84
INV00056,C0128,2024-06-22,2024-07-22,4563.83,912.77,5476.6
INV00057,C0240,2024-04-08,2024-05-08,527.73,105.55,633.28
INV00058,C0235,2025-03-25,2025-04-24,4223.53,844.71,5068.24
INV00059,C0145,2025-10-02,2025-11-01,6374.92,1274.98,7649.9
INV00060,C0235,2025-08-06,2025-09-05,2721.04,544.21,3265.25
INV00061,C0240,2025-08-04,2025-09-03,576.6,115.32,691.92
INV00062,C0100,2024-09-16,2024-10-16,3431.55,686.31,4117.86
INV00063,C0228,2025-12-17,2026-01-16,2592.98,518.6,3111.58
INV00064,C0020,2024-11-26,2024-12-26,1144.63,228.93,1373.56
INV00065,C0226,2024-07-07,2024-08-06,461.28,92.26,553.54
INV00066,C0067,2025-08-04,2025-09-03,555.19,111.04,666.23
INV00067,C0147,2025-06-27,2025-07-27,340.41,68.08,408.49
INV00068,C0211,2024-02-12,2024-03-13,3007.31,601.46,3608.77
INV00069,C0027,2024-06-03,2024-07-03,1017.54,203.51,1221.05
INV00070,C0023,2024-01-23,2024-02-22,2209.01,441.8,2650.81
INV00071,C0167,2025-10-06,2025-11-05,2840.19,568.04,3408.23
INV00072,C0070,2024-11-04,2024-12-04,244.21,48.84,293.05
INV00073,C0023,2025-09-18,2025-10-18,2718.03,543.61,3261.64
INV00074,C0164,2025-11-06,2025-12-06,427.79,85.56,513.35
INV00075,C0115,2024-11-22,2024-12-22,2109.63,421.93,2531.56
INV00076,C0202,2025-12-03,2026-01-02,2272.05,454.41,2726.46
INV00077,C0023,2025-06-23,2025-07-23,943.45,188.69,1132.14
INV00078,C0031,2025-03-05,2025-04-04,1096.95,219.39,1316.34
INV00079,C0045,2025-02-20,2025-03-22,2507.35,501.47,3008.82
INV00080,C0115,2024-07-30,2024-08-29,5246.4,1049.28,6295.68
INV00081,C0249,2025-03-01,2025-03-31,271.25,54.25,325.5
INV00082,C0217,2024-06-13,2024-07-13,2969.04,593.81,3562.85
INV00083,C0149,2024-08-22,2024-09-21,466.35,93.27,559.62
INV00084,C0098,2024-11-05,2024-12-05,1727.47,345.49,2072.96
INV00085,C0009,2025-02-08,2025-03-10,5059.1,1011.82,6070.92
INV00086,C0122,2024-10-06,2024-11-05,1612.48,322.5,1934.98
INV00087,C0151,2025-10-22,2025-11-21,1300.17,260.03,1560.2
INV00088,C0101,2025-06-25,2025-07-25,135.67,27.13,162.8
INV00089,C0168,2024-11-17,2024-12-17,1799.86,359.97,2159.83
INV00090,C0133,2025-03-29,2025-04-28,1859.37,371.87,2231.24
INV00091,C0008,2025-11-10,2025-12-10,2211.66,442.33,2653.99
INV00092,C0234,2024-06-19,2024-07-19,3528.95,705.79,4234.74
INV00093,C0223,2025-06-17,2025-07-17,1895.67,379.13,2274.8
INV00094,C0240,2025-01-15,2025-02-14,1948.95,389.79,2338.74
INV00095,C0045,2025-12-22,2026-01-21,2044.97,408.99,2453.96
INV00096,C0099,2024-01-19,2024-02-18,5422.62,1084.52,6507.14
INV00097,C0015,2025-05-17,2025-06-16,3185.84,637.17,3823.01
INV00098,C0170,2025-07-09,2025-08-08,527.43,105.49,632.92
INV00099,C0108,2025-08-15,2025-09-14,4980.87,996.17,5977.04
INV00100,C0009,2025-12-17,2026-01-16,1958.51,391.7,2350.21
INV00101,C0044,2025-02-03,2025-03-05,2182.75,436.55,2619.3
INV00102,C0240,2025-12-21,2026-01-20,685.11,137.02,822.13
INV00103,C0124,2025-09-20,2025-10-20,477.1,95.42,572.52
INV00104,C0053,2025-05-31,2025-06-30,1606.32,321.26,1927.58
INV00105,C0101,2024-07-11,2024-08-10,1480.79,296.16,1776.95
INV00106,C0099,2025-06-25,2025-07-25,1399.04,279.81,1678.85
INV00107,C0211,2024-04-05,2024-05-05,3876.0,775.2,4651.2
INV00108,C0006,2024-02-23,2024-03-24,2743.53,548.71,3292.24
INV00109,C0098,2024-09-04,2024-10-04,1626.77,325.35,1952.12
INV00110,C0239,2024-02-02,2024-03-03,3620.68,724.14,4344.82
INV00111,C0094,2025-08-12,2025-09-11,1504.41,300.88,1805.29
INV00112,C0204,2024-01-27,2024-02-26,748.4,149.68,898.08
INV00113,C0226,2025-03-16,2025-04-15,2385.68,477.14,2862.82
INV00114,C0119,2024-02-05,2024-03-06,3428.61,685.72,4114.33
INV00115,C0115,2025-02-17,2025-03-19,1583.03,316.61,1899.64
INV00116,C0221,2024-05-01,2024-05-31,1429.19,285.84,1715.03
INV00117,C0239,2024-07-11,2024-08-10,2605.5,521.1,3126.6
INV00118,C0239,2024-07-09,2024-08-08,1376.1,275.22,1651.32
INV00119,C0035,2024-03-05,2024-04-04,4629.51,925.9,5555.41
INV00120,C0012,2024-03-26,2024-04-25,2381.57,476.31,2857.88
INV00121,C0147,2024-09-26,2024-10-26,2327.43,465.49,2792.92
INV00122,C0165,2024-08-29,2024-09-28,266.24,53.25,319.49
INV00123,C0020,2025-08-03,2025-09-02,4218.2,843.64,5061.84
INV00124,C0192,2025-09-01,2025-10-01,5513.82,1102.76,6616.58
INV00125,C0099,2024-05-17,2024-06-16,1685.95,337.19,2023.14
INV00126,C0085,2025-05-22,2025-06-21,1253.7,250.74,1504.44
INV00127,C0202,2025-11-24,2025-12-24,680.83,136.17,817.0
INV00128,C0120,2024-08-02,2024-09-01,1934.36,386.87,2321.23
INV00129,C0138,2025-07-12,2025-08-11,4130.87,826.17,4957.04
INV00130,C0059,2024-03-30,2024-04-29,1449.99,290.0,1739.99
INV00131,C0042,2025-08-27,2025-09-26,3972.57,794.51,4767.08
INV00132,C0084,2024-01-06,2024-02-05,3415.4,683.08,4098.48
INV00133,C0210,2024-11-07,2024-12-07,4849.12,969.82,5818.94
INV00134,C0118,2024-02-14,2024-03-15,1048.2,209.64,1257.84
INV00135,C0228,2024-04-19,2024-05-19,1499.88,299.98,1799.86
INV00136,C0045,2025-02-21,2025-03-23,508.77,101.75,610.52
INV00137,C0014,2025-07-11,2025-08-10,2690.01,538.0,3228.01
INV00138,C0247,2025-12-10,2026-01-09,823.66,164.73,988.39
INV00139,C0211,2025-10-14,2025-11-13,533.23,106.65,639.88
INV00140,C0180,2025-10-26,2025-11-25,1729.54,345.91,2075.45
INV00141,C0031,2025-07-13,2025-08-12,1341.5,268.3,1609.8
INV00142,C0202,2024-02-13,2024-03-14,8284.89,1656.98,9941.87
INV00143,C0135,2025-01-29,2025-02-28,3973.39,794.68,4768.07
INV00144,C0161,2025-07-22,2025-08-21,864.91,172.98,1037.89
INV00145,C0062,2025-03-08,2025-04-07,576.6,115.32,691.92
INV00146,C0122,2025-09-04,2025-10-04,1500.93,300.19,1801.12
INV00147,C0099,2024-03-18,2024-04-17,2943.55,588.71,3532.26
INV00148,C0161,2025-10-20,2025-11-19,3374.89,674.98,4049.87
INV00149,C0240,2025-05-14,2025-06-13,2413.01,482.6,2895.61
INV00150,C0147,2025-07-24,2025-08-23,1533.59,306.72,1840.31
INV00151,C0061,2025-02-05,2025-03-07,3479.33,695.87,4175.2
INV00152,C0164,2025-03-26,2025-04-25,4460.0,892.0,5352.0
INV00153,C0121,2025-01-05,2025-02-04,1870.21,374.04,2244.25
INV00154,C0138,2024-03-20,2024-04-19,1209.21,241.84,1451.05
INV00155,C0201,2025-05-10,2025-06-09,1053.86,210.77,1264.63
INV00156,C0171,2024-02-28,2024-03-29,6387.71,1277.54,7665.25
INV00157,C0053,2024-02-26,2024-03-27,3629.58,725.92,4355.5
INV00158,C0231,2025-07-24,2025-08-23,5039.8,1007.96,6047.76
INV00159,C0115,2025-11-19,2025-12-19,4189.71,837.94,5027.65
INV00160,C0072,2024-04-08,2024-05-08,1111.47,222.29,1333.76
INV00161,C0157,2025-11-12,2025-12-12,2109.72,421.94,2531.66
INV00162,C0026,2025-03-06,2025-04-05,3343.27,668.65,4011.92
INV00163,C0053,2025-08-24,2025-09-23,2558.72,511.74,3070.46
INV00164,C0222,2024-02-19,2024-03-20,3177.09,635.42,3812.51
INV00165,C0110,2024-10-16,2024-11-15,2409.45,481.89,2891.34
INV00166,C0111,2024-12-29,2025-01-28,1820.72,364.14,2184.86
INV00167,C0224,2025-08-08,2025-09-07,2438.22,487.64,2925.86
INV00168,C0142,2024-05-01,2024-05-31,2129.14,425.83,2554.97
INV00169,C0211,2024-10-10,2024-11-09,2973.16,594.63,3567.79
INV00170,C0067,2024-08-07,2024-09-06,588.71,117.74,706.45
INV00171,C0006,2025-12-25,2026-01-24,2671.76,534.35,3206.11
INV00172,C0209,2024-08-13,2024-09-12,562.65,112.53,675.18
INV00173,C0098,2025-02-09,2025-03-11,1143.54,228.71,1372.25
INV00174,C0203,2025-09-21,2025-10-21,1546.97,309.39,1856.36
INV00175,C0219,2025-06-13,2025-07-13,888.04,177.61,1065.65
INV00176,C0170,2025-07-03,2025-08-02,5988.33,1197.67,7186.0
INV00177,C0017,2025-10-10,2025-11-09,542.68,108.54,651.22
INV00178,C0040,2024-12-13,2025-01-12,680.26,136.05,816.31
INV00179,C0182,2025-05-20,2025-06-19,3775.11,755.02,4530.13
INV00180,C0222,2024-02-29,2024-03-30,5908.5,1181.7,7090.2
INV00181,C0067,2024-03-28,2024-04-27,2803.92,560.78,3364.7
INV00182,C0153,2025-01-16,2025-02-15,2110.39,422.08,2532.47
INV00183,C0245,2025-11-29,2025-12-29,3597.59,719.52,4317.11
INV00184,C0072,2025-01-17,2025-02-16,3684.45,736.89,4421.34
INV00185,C0063,2025-03-05,2025-04-04,3823.99,764.8,4588.79
INV00186,C0175,2025-11-30,2025-12-30,1145.51,229.1,1374.61
INV00187,C0039,2024-10-30,2024-11-29,4512.19,902.44,5414.63
INV00188,C0112,2024-08-29,2024-09-28,2647.41,529.48,3176.89
INV00189,C0035,2025-11-19,2025-12-19,3167.85,633.57,3801.42
INV00190,C0109,2024-11-15,2024-12-15,6200.65,1240.13,7440.78
INV00191,C0179,2025-01-24,2025-02-23,716.66,143.33,859.99
INV00192,C0005,2025-09-30,2025-10-30,1831.57,366.31,2197.88
INV00193,C0102,2025-03-05,2025-04-04,2487.46,497.49,2984.95
INV00194,C0027,2025-10-30,2025-11-29,365.65,73.13,438.78
INV00195,C0079,2024-05-03,2024-06-02,2968.36,593.67,3562.03
INV00196,C0143,2024-05-23,2024-06-22,898.68,179.74,1078.42
INV00197,C0147,2024-07-06,2024-08-05,1153.42,230.68,1384.1
INV00198,C0239,2025-11-14,2025-12-14,3737.46,747.49,4484.95
INV00199,C0022,2025-03-19,2025-04-18,2231.64,446.33,2677.97
INV00200,C0133,2025-08-25,2025-09-24,2435.37,487.07,2922.44
INV00201,C0161,2025-07-20,2025-08-19,2159.82,431.96,2591.78
INV00202,C0240,2024-06-30,2024-07-30,949.92,189.98,1139.9
INV00203,C0157,2024-12-12,2025-01-11,356.49,71.3,427.79
INV00204,C0021,2024-09-29,2024-10-29,419.75,83.95,503.7
INV00205,C0108,2025-04-09,2025-05-09,1805.29,361.06,2166.35
INV00206,C0126,2024-08-17,2024-09-16,3994.08,798.82,4792.9
INV00207,C0045,2025-03-27,2025-04-26,920.96,184.19,1105.15
INV00208,C0124,2024-08-19,2024-09-18,2454.45,490.89,2945.34
INV00209,C0161,2025-03-22,2025-04-21,3433.69,686.74,4120.43
INV00210,C0228,2024-05-04,2024-06-03,2126.37,425.27,2551.64
INV00211,C0053,2024-05-04,2024-06-03,1027.91,205.58,1233.49
INV00212,C0169,2024-11-16,2024-12-16,2824.45,564.89,3389.34
INV00213,C0124,2025-04-24,2025-05-24,3565.87,713.17,4279.04
INV00214,C0098,2025-08-01,2025-08-31,1236.64,247.33,1483.97
INV00215,C0014,2024-03-12,2024-04-11,1265.46,253.09,1518.55
INV00216,C0048,2024-12-06,2025-01-05,5383.06,1076.61,6459.67
INV00217,C0052,2024-03-31,2024-04-30,3228.47,645.69,3874.16
INV00218,C0161,2024-02-17,2024-03-18,1935.36,387.07,2322.43
INV00219,C0102,2025-09-25,2025-10-25,6157.42,1231.48,7388.9
INV00220,C0226,2024-04-15,2024-05-15,999.92,199.98,1199.9
INV00221,C0170,2025-05-26,2025-06-25,3219.89,643.98,3863.87
INV00222,C0035,2025-12-18,2026-01-17,731.3,146.26,877.56
INV00223,C0201,2024-04-17,2024-05-17,2523.91,504.78,3028.69
INV00224,C0187,2024-05-17,2024-06-16,2891.11,578.22,3469.33
INV00225,C0121,2024-12-19,2025-01-18,483.33,96.67,580.0
INV00226,C0240,2024-06-25,2024-07-25,222.33,44.47,266.8
INV00227,C0099,2025-02-10,2025-03-12,1717.46,343.49,2060.95
INV00228,C0011,2024-07-20,2024-08-19,1801.94,360.39,2162.33
INV00229,C0203,2024-05-17,2024-06-16,1457.82,291.56,1749.38
INV00230,C0212,2024-05-11,2024-06-10,1334.18,266.84,1601.02
INV00231,C0053,2024-03-09,2024-04-08,5896.99,1179.4,7076.39
INV00232,C0202,2025-11-30,2025-12-30,3089.11,617.82,3706.93
INV00233,C0009,2024-02-15,2024-03-16,2187.29,437.46,2624.75
INV00234,C0021,2024-05-20,2024-06-19,2840.21,568.04,3408.25
INV00235,C0115,2025-09-11,2025-10-11,2796.37,559.27,3355.64
INV00236,C0102,2024-05-16,2024-06-15,1339.54,267.91,1607.45
INV00237,C0034,2024-04-25,2024-05-25,2900.75,580.15,3480.9
INV00238,C0098,2024-05-26,2024-06-25,545.81,109.16,654.97
INV00239,C0161,2024-09-10,2024-10-10,1485.57,297.11,1782.68
INV00240,C0005,2025-04-26,2025-05-26,4973.69,994.74,5968.43
INV00241,C0187,2024-04-11,2024-05-11,1142.12,228.42,1370.54
INV00242,C0170,2025-09-14,2025-10-14,2331.73,466.35,2798.08
INV00243,C0069,2025-01-12,2025-02-11,6192.95,1238.59,7431.54
INV00244,C0223,2024-07-26,2024-08-25,3773.72,754.74,4528.46
INV00245,C0067,2025-12-20,2026-01-19,3332.18,666.44,3998.62
INV00246,C0102,2024-03-15,2024-04-14,4787.38,957.48,5744.86
INV00247,C0009,2025-10-21,2025-11-20,1292.49,258.5,1550.99
INV00248,C0202,2024-03-08,2024-04-07,2780.45,556.09,3336.54
INV00249,C0235,2025-08-27,2025-09-26,952.79,190.56,1143.35
INV00250,C0155,2025-02-04,2025-03-06,1279.5,255.9,1535.4
INV00251,C0192,2025-08-19,2025-09-18,3596.15,719.23,4315.38
INV00252,C0138,2024-11-09,2024-12-09,6874.98,1375.0,8249.98
INV00253,C0203,2025-02-01,2025-03-03,4277.55,855.51,5133.06
INV00254,C0135,2024-12-20,2025-01-19,285.53,57.11,342.64
INV00255,C0062,2025-08-04,2025-09-03,3533.5,706.7,4240.2
INV00256,C0135,2025-12-13,2026-01-12,3499.72,699.94,4199.66
INV00257,C0140,2025-06-03,2025-07-03,1490.55,298.11,1788.66
INV00258,C0211,2025-07-28,2025-08-27,4404.69,880.94,5285.63
INV00259,C0201,2024-07-06,2024-08-05,313.43,62.69,376.12
INV00260,C0235,2025-10-19,2025-11-18,5991.5,1198.3,7189.8
INV00261,C0121,2025-11-26,2025-12-26,4571.0,914.2,5485.2
INV00262,C0062,2024-09-17,2024-10-17,1787.31,357.46,2144.77
INV00263,C0164,2025-12-05,2026-01-04,710.98,142.2,853.18
INV00264,C0179,2025-10-30,2025-11-29,2565.84,513.17,3079.01
INV00265,C0211,2024-06-07,2024-07-07,2157.23,431.45,2588.68
INV00266,C0067,2024-11-10,2024-12-10,1258.64,251.73,1510.37
INV00267,C0228,2025-10-26,2025-11-25,303.72,60.74,364.46
INV00268,C0108,2024-03-19,2024-04-18,2448.13,489.63,2937.76
INV00269,C0019,2024-07-22,2024-08-21,135.67,27.13,162.8
INV00270,C0030,2025-03-10,2025-04-09,999.09,199.82,1198.91
INV00271,C0202,2025-01-31,2025-03-02,2432.07,486.41,2918.48
INV00272,C0098,2024-06-25,2024-07-25,3982.02,796.4,4778.42
INV00273,C0239,2025-08-09,2025-09-08,2572.53,514.51,3087.04
INV00274,C0239,2024-06-03,2024-07-03,6071.97,1214.39,7286.36
INV00275,C0142,2025-09-18,2025-10-18,313.43,62.69,376.12
INV00276,C0142,2025-07-07,2025-08-06,1146.16,229.23,1375.39
INV00277,C0027,2024-08-26,2024-09-25,2153.0,430.6,2583.6
INV00278,C0239,2024-09-27,2024-10-27,4075.26,815.05,4890.31
INV00279,C0062,2025-11-13,2025-12-13,704.41,140.88,845.29
INV00280,C0098,2024-01-07,2024-02-06,588.71,117.74,706.45
INV00281,C0116,2025-07-22,2025-08-21,187.1,37.42,224.52
INV00282,C0009,2024-02-06,2024-03-07,1289.99,258.0,1547.99
INV00283,C0210,2025-04-05,2025-05-05,3011.05,602.21,3613.26
INV00284,C0165,2024-03-19,2024-04-18,3114.66,622.93,3737.59
INV00285,C0115,2025-03-29,2025-04-28,3266.39,653.28,3919.67
INV00286,C0170,2024-02-21,2024-03-22,4222.72,844.54,5067.26
INV00287,C0109,2024-09-25,2024-10-25,793.03,158.61,951.64
INV00288,C0010,2025-10-10,2025-11-09,1619.45,323.89,1943.34
INV00289,C0035,2024-05-28,2024-06-27,4112.53,822.51,4935.04
INV00290,C0012,2025-02-26,2025-03-28,4186.19,837.24,5023.43
INV00291,C0039,2024-10-19,2024-11-18,2406.46,481.29,2887.75
INV00292,C0149,2025-05-21,2025-06-20,3499.76,699.95,4199.71
INV00293,C0226,2024-06-08,2024-07-08,40.99,8.2,49.19
INV00294,C0215,2024-03-13,2024-04-12,1567.12,313.42,1880.54
INV00295,C0138,2024-01-27,2024-02-26,561.3,112.26,673.56
INV00296,C0023,2025-11-08,2025-12-08,588.71,117.74,706.45
INV00297,C0085,2025-10-02,2025-11-01,943.82,188.76,1132.58
INV00298,C0192,2024-03-22,2024-04-21,1694.67,338.93,2033.6
INV00299,C0034,2025-12-24,2026-01-23,1110.38,222.08,1332.46
INV00300,C0099,2024-09-02,2024-10-02,1499.01,299.8,1798.81
INV00301,C0044,2025-11-28,2025-12-28,6482.44,1296.49,7778.93
INV00302,C0063,2024-01-07,2024-02-06,896.27,179.25,1075.52
INV00303,C0245,2025-12-25,2026-01-24,2655.24,531.05,3186.29
INV00304,C0192,2024-07-14,2024-08-13,2027.03,405.41,2432.44
INV00305,C0161,2024-04-28,2024-05-28,804.0,160.8,964.8
INV00306,C0124,2025-12-05,2026-01-04,404.02,80.8,484.82
INV00307,C0210,2025-10-21,2025-11-20,2434.85,486.97,2921.82
INV00308,C0148,2025-08-16,2025-09-15,626.85,125.37,752.22
INV00309,C0202,2024-11-19,2024-12-19,4134.97,826.99,4961.96
INV00310,C0179,2024-05-10,2024-06-09,5320.86,1064.17,6385.03
INV00311,C0038,2025-03-04,2025-04-03,2721.04,544.21,3265.25
INV00312,C0119,2025-12-31,2026-01-30,432.45,86.49,518.94
INV00313,C0124,2024-04-24,2024-05-24,48.22,9.64,57.86
INV00314,C0237,2024-08-05,2024-09-04,2877.86,575.57,3453.43
INV00315,C0161,2024-08-24,2024-09-23,658.17,131.63,789.8
INV00316,C0090,2024-08-17,2024-09-16,4793.57,958.71,5752.28
INV00317,C0161,2024-07-14,2024-08-13,2815.37,563.07,3378.44
INV00318,C0143,2025-08-11,2025-09-10,4657.95,931.59,5589.54
INV00319,C0009,2025-01-07,2025-02-06,248.83,49.77,298.6
INV00320,C0146,2025-08-04,2025-09-03,661.67,132.33,794.0
INV00321,C0121,2025-05-19,2025-06-18,2775.95,555.19,3331.14
INV00322,C0160,2024-02-09,2024-03-10,2775.95,555.19,3331.14
INV00323,C0079,2025-01-17,2025-02-16,4261.75,852.35,5114.1
INV00324,C0188,2024-08-07,2024-09-06,4474.69,894.94,5369.63
INV00325,C0236,2024-12-20,2025-01-19,5467.66,1093.53,6561.19
INV00326,C0228,2025-05-06,2025-06-05,268.3,53.66,321.96
INV00327,C0201,2025-03-25,2025-04-24,2211.77,442.35,2654.12
INV00328,C0179,2024-09-04,2024-10-04,332.95,66.59,399.54
INV00329,C0045,2024-09-01,2024-10-01,5150.06,1030.01,6180.07
INV00330,C0047,2024-12-21,2025-01-20,3253.84,650.77,3904.61
INV00331,C0070,2025-06-08,2025-07-08,2595.76,519.15,3114.91
INV00332,C0147,2024-01-12,2024-02-11,7996.48,1599.3,9595.78
INV00333,C0119,2025-01-09,2025-02-08,1864.0,372.8,2236.8
INV00334,C0059,2025-10-03,2025-11-02,746.49,149.3,895.79
INV00335,C0101,2024-01-06,2024-02-05,1999.84,399.97,2399.81
INV00336,C0026,2024-07-08,2024-08-07,59.93,11.99,71.92
INV00337,C0161,2024-11-21,2024-12-21,3295.74,659.15,3954.89
INV00338,C0165,2024-01-19,2024-02-18,3046.83,609.37,3656.2
INV00339,C0164,2025-02-06,2025-03-08,1421.93,284.39,1706.32
INV00340,C0022,2024-07-08,2024-08-07,256.98,51.4,308.38
INV00341,C0157,2024-04-01,2024-05-01,179.79,35.96,215.75
INV00342,C0203,2024-11-28,2024-12-28,5014.81,1002.96,6017.77
INV00343,C0096,2025-05-20,2025-06-19,4088.93,817.79,4906.72
INV00344,C0161,2024-11-17,2024-12-17,407.01,81.4,488.41
INV00345,C0161,2024-05-01,2024-05-31,799.55,159.91,959.46
INV00346,C0062,2024-06-07,2024-07-07,3535.21,707.04,4242.25
INV00347,C0202,2024-05-26,2024-06-25,825.97,165.19,991.16
INV00348,C0207,2025-05-12,2025-06-11,3596.9,719.38,4316.28
INV00349,C0197,2024-02-08,2024-03-09,1184.52,236.9,1421.42
INV00350,C0002,2025-05-10,2025-06-09,2261.56,452.31,2713.87
INV00351,C0010,2024-06-22,2024-07-22,2954.44,590.89,3545.33
INV00352,C0096,2024-04-22,2024-05-22,4520.88,904.18,5425.06
INV00353,C0170,2025-09-07,2025-10-07,2681.69,536.34,3218.03
INV00354,C0050,2025-09-24,2025-10-24,499.96,99.99,599.95
INV00355,C0064,2025-04-26,2025-05-26,2507.35,501.47,3008.82
INV00356,C0171,2024-09-26,2024-10-26,3060.72,612.14,3672.86
INV00357,C0084,2024-03-22,2024-04-21,3183.67,636.73,3820.4
INV00358,C0164,2025-07-29,2025-08-28,2356.26,471.25,2827.51
INV00359,C0142,2025-03-06,2025-04-05,6154.88,1230.98,7385.86
INV00360,C0223,2024-10-27,2024-11-26,3526.07,705.21,4231.28
INV00361,C0140,2024-12-17,2025-01-16,313.43,62.69,376.12
INV00362,C0010,2024-10-29,2024-11-28,3754.6,750.92,4505.52
INV00363,C0069,2025-05-08,2025-06-07,610.51,122.1,732.61
INV00364,C0247,2025-12-30,2026-01-29,960.31,192.06,1152.37
INV00365,C0011,2025-07-05,2025-08-04,3081.11,616.22,3697.33
INV00366,C0137,2025-03-07,2025-04-06,546.7,109.34,656.04
INV00367,C0140,2025-07-16,2025-08-15,1994.64,398.93,2393.57
INV00368,C0059,2024-04-06,2024-05-06,3412.38,682.48,4094.86
INV00369,C0062,2025-09-18,2025-10-18,3241.24,648.25,3889.49
INV00370,C0151,2025-02-10,2025-03-12,2776.75,555.35,3332.1
INV00371,C0098,2025-09-12,2025-10-12,852.38,170.48,1022.86
INV00372,C0019,2025-09-15,2025-10-15,790.75,158.15,948.9
INV00373,C0072,2024-01-29,2024-02-28,4351.37,870.27,5221.64
INV00374,C0116,2025-08-01,2025-08-31,4678.57,935.71,5614.28
INV00375,C0099,2025-08-15,2025-09-14,2373.57,474.71,2848.28
INV00376,C0042,2024-01-29,2024-02-28,499.67,99.93,599.6
INV00377,C0195,2025-07-09,2025-08-08,4280.35,856.07,5136.42
INV00378,C0134,2024-06-22,2024-07-22,2652.82,530.56,3183.38
INV00379,C0046,2024-11-08,2024-12-08,65.1,13.02,78.12
INV00380,C0156,2024-02-16,2024-03-17,1118.55,223.71,1342.26
INV00381,C0147,2024-11-22,2024-12-22,3641.94,728.39,4370.33
INV00382,C0235,2024-03-31,2024-04-30,2739.52,547.9,3287.42
INV00383,C0059,2025-04-11,2025-05-11,179.79,35.96,215.75
INV00384,C0122,2025-03-01,2025-03-31,2315.82,463.16,2778.98
INV00385,C0021,2025-12-24,2026-01-23,4780.16,956.03,5736.19
INV00386,C0168,2024-07-08,2024-08-07,1890.43,378.09,2268.52
INV00387,C0173,2024-07-20,2024-08-19,2190.59,438.12,2628.71
INV00388,C0181,2024-11-27,2024-12-27,3839.67,767.93,4607.6
INV00389,C0222,2024-12-16,2025-01-15,2540.74,508.15,3048.89
INV00390,C0121,2024-10-23,2024-11-22,2405.49,481.1,2886.59
INV00391,C0153,2025-01-30,2025-03-01,1240.84,248.17,1489.01
INV00392,C0116,2025-09-07,2025-10-07,4849.22,969.84,5819.06
INV00393,C0228,2024-04-24,2024-05-24,2499.85,499.97,2999.82
INV00394,C0040,2025-06-30,2025-07-30,2027.1,405.42,2432.52
INV00395,C0228,2025-01-04,2025-02-03,3349.3,669.86,4019.16
INV00396,C0167,2024-09-12,2024-10-12,1676.13,335.23,2011.36
INV00397,C0109,2025-05-12,2025-06-11,4876.79,975.36,5852.15
INV00398,C0062,2025-12-25,2026-01-24,1787.11,357.42,2144.53
INV00399,C0209,2025-10-11,2025-11-10,3011.77,602.35,3614.12
INV00400,C0038,2024-06-09,2024-07-09,3511.16,702.23,4213.39
INV00401,C0115,2025-11-03,2025-12-03,2965.95,593.19,3559.14
INV00402,C0166,2025-04-28,2025-05-28,2246.54,449.31,2695.85
INV00403,C0147,2025-12-20,2026-01-19,4105.04,821.01,4926.05
INV00404,C0062,2025-11-16,2025-12-16,1702.07,340.41,2042.48
INV00405,C0046,2024-04-26,2024-05-26,878.22,175.64,1053.86
INV00406,C0096,2025-02-28,2025-03-30,1899.85,379.97,2279.82
INV00407,C0160,2025-09-30,2025-10-30,2932.4,586.48,3518.88
INV00408,C0046,2024-06-28,2024-07-28,1244.12,248.82,1492.94
INV00409,C0187,2025-09-16,2025-10-16,1876.47,375.29,2251.76
INV00410,C0062,2025-01-15,2025-02-14,935.11,187.02,1122.13
INV00411,C0147,2024-06-20,2024-07-20,299.66,59.93,359.59
INV00412,C0137,2024-12-24,2025-01-23,6053.01,1210.6,7263.61
INV00413,C0161,2024-08-23,2024-09-22,3012.17,602.43,3614.6
INV00414,C0067,2024-06-08,2024-07-08,562.65,112.53,675.18
INV00415,C0245,2024-04-26,2024-05-26,4322.25,864.45,5186.7
INV00416,C0046,2025-10-24,2025-11-23,2896.38,579.28,3475.66
INV00417,C0085,2025-01-02,2025-02-01,619.32,123.86,743.18
INV00418,C0100,2025-10-30,2025-11-29,3261.54,652.31,3913.85
INV00419,C0085,2025-11-16,2025-12-16,3210.07,642.01,3852.08
INV00420,C0009,2025-10-03,2025-11-02,2092.3,418.46,2510.76
INV00421,C0239,2025-07-04,2025-08-03,432.45,86.49,518.94
INV00422,C0140,2025-05-23,2025-06-22,2314.94,462.99,2777.93
INV00423,C0062,2024-05-08,2024-06-07,1774.4,354.88,2129.28
INV00424,C0164,2024-01-29,2024-02-28,2311.87,462.37,2774.24
INV00425,C0133,2024-03-05,2024-04-04,2201.19,440.24,2641.43
INV00426,C0170,2024-08-13,2024-09-12,1069.5,213.9,1283.4
INV00427,C0053,2024-02-05,2024-03-06,3907.83,781.57,4689.4
INV00428,C0009,2025-06-16,2025-07-16,3237.26,647.45,3884.71
INV00429,C0202,2024-09-08,2024-10-08,2454.45,490.89,2945.34
INV00430,C0047,2025-04-13,2025-05-13,285.53,57.11,342.64
INV00431,C0067,2024-11-25,2024-12-25,970.8,194.16,1164.96
INV00432,C0012,2024-09-02,2024-10-02,1396.81,279.36,1676.17
INV00433,C0042,2024-11-19,2024-12-19,1129.78,225.96,1355.74
INV00434,C0115,2024-08-27,2024-09-26,640.27,128.05,768.32
INV00435,C0085,2024-04-11,2024-05-11,594.15,118.83,712.98
INV00436,C0057,2025-02-06,2025-03-08,759.3,151.86,911.16
INV00437,C0202,2025-08-10,2025-09-09,6672.21,1334.44,8006.65
INV00438,C0103,2024-07-06,2024-08-05,230.64,46.13,276.77
INV00439,C0108,2025-09-20,2025-10-20,5921.95,1184.39,7106.34
INV00440,C0209,2025-03-20,2025-04-19,2652.93,530.59,3183.52
INV00441,C0067,2025-12-25,2026-01-24,2405.49,481.1,2886.59
INV00442,C0167,2024-01-28,2024-02-27,2981.15,596.23,3577.38
INV00443,C0115,2025-11-02,2025-12-02,4698.76,939.75,5638.51
INV00444,C0197,2024-07-25,2024-08-24,340.41,68.08,408.49
INV00445,C0215,2025-05-01,2025-05-31,935.5,187.1,1122.6
INV00446,C0192,2025-07-03,2025-08-02,6153.4,1230.68,7384.08
INV00447,C0102,2024-10-31,2024-11-30,3456.21,691.24,4147.45
INV00448,C0096,2025-03-11,2025-04-10,1244.14,248.83,1492.97
INV00449,C0069,2025-05-13,2025-06-12,2363.55,472.71,2836.26
INV00450,C0027,2024-05-24,2024-06-23,1665.57,333.11,1998.68
INV00451,C0128,2025-12-16,2026-01-15,1361.65,272.33,1633.98
INV00452,C0013,2025-01-12,2025-02-11,3069.13,613.83,3682.96
INV00453,C0071,2025-08-21,2025-09-20,2721.04,544.21,3265.25
INV00454,C0010,2024-04-03,2024-05-03,4311.57,862.31,5173.88
INV00455,C0212,2025-04-17,2025-05-17,3851.7,770.34,4622.04
INV00456,C0057,2024-02-03,2024-03-04,5561.98,1112.4,6674.38
INV00457,C0004,2024-11-21,2024-12-21,1349.89,269.98,1619.87
INV00458,C0053,2024-04-07,2024-05-07,1316.34,263.27,1579.61
INV00459,C0211,2024-02-10,2024-03-11,2040.78,408.16,2448.94
INV00460,C0021,2025-03-17,2025-04-16,2894.49,578.9,3473.39
INV00461,C0228,2024-09-24,2024-10-24,4075.54,815.11,4890.65
INV00462,C0064,2025-09-04,2025-10-04,2298.44,459.69,2758.13
INV00463,C0140,2024-05-05,2024-06-04,2913.2,582.64,3495.84
INV00464,C0147,2024-03-04,2024-04-03,802.2,160.44,962.64
INV00465,C0122,2025-02-20,2025-03-22,837.52,167.5,1005.02
INV00466,C0211,2025-06-17,2025-07-17,2032.29,406.46,2438.75
INV00467,C0104,2025-03-19,2025-04-18,1681.25,336.25,2017.5
INV00468,C0083,2025-12-11,2026-01-10,213.89,42.78,256.67
INV00469,C0045,2025-05-05,2025-06-04,1344.62,268.92,1613.54
INV00470,C0067,2025-03-26,2025-04-25,1542.29,308.46,1850.75
INV00471,C0179,2025-12-19,2026-01-18,2119.36,423.87,2543.23
INV00472,C0192,2025-06-24,2025-07-24,3447.84,689.57,4137.41
INV00473,C0157,2024-01-07,2024-02-06,1243.21,248.64,1491.85
INV00474,C0147,2024-10-27,2024-11-26,564.44,112.89,677.33
INV00475,C0161,2024-02-12,2024-03-13,3472.73,694.55,4167.28
INV00476,C0219,2025-12-10,2026-01-09,3071.22,614.24,3685.46
INV00477,C0020,2025-07-15,2025-08-14,3279.35,655.87,3935.22
INV00478,C0017,2024-05-12,2024-06-11,2962.56,592.51,3555.07
INV00479,C0051,2024-11-13,2024-12-13,4905.15,981.03,5886.18
INV00480,C0007,2024-07-31,2024-08-30,5417.27,1083.45,6500.72
INV00481,C0233,2025-01-12,2025-02-11,4019.56,803.91,4823.47
INV00482,C0006,2025-07-08,2025-08-07,310.8,62.16,372.96
INV00483,C0226,2025-01-25,2025-02-24,135.67,27.13,162.8
INV00484,C0031,2025-09-01,2025-10-01,1027.91,205.58,1233.49
INV00485,C0204,2025-03-26,2025-04-25,2473.81,494.76,2968.57
INV00486,C0022,2025-05-06,2025-06-05,4463.65,892.73,5356.38
INV00487,C0177,2025-03-23,2025-04-22,501.47,100.29,601.76
INV00488,C0233,2024-09-21,2024-10-21,6216.13,1243.23,7459.36
INV00489,C0027,2025-07-04,2025-08-03,1752.92,350.58,2103.5
INV00490,C0201,2024-09-07,2024-10-07,4483.6,896.72,5380.32
INV00491,C0012,2024-06-12,2024-07-12,4794.01,958.8,5752.81
INV00492,C0211,2025-07-28,2025-08-27,3459.93,691.99,4151.92
INV00493,C0161,2024-10-29,2024-11-28,4187.36,837.47,5024.83
INV00494,C0023,2025-04-15,2025-05-15,2293.25,458.65,2751.9
INV00495,C0192,2025-09-10,2025-10-10,888.39,177.68,1066.07
INV00496,C0145,2025-01-13,2025-02-12,4091.51,818.3,4909.81
INV00497,C0098,2024-10-02,2024-11-01,3029.5,605.9,3635.4
INV00498,C0226,2024-03-14,2024-04-13,542.51,108.5,651.01
INV00499,C0069,2025-02-09,2025-03-11,2683.46,536.69,3220.15
INV00500,C0192,2024-03-31,2024-04-30,59.93,11.99,71.92
INV00501,C0046,2024-04-23,2024-05-23,790.4,158.08,948.48
INV00502,C0095,2024-06-05,2024-07-05,1053.86,210.77,1264.63
INV00503,C0045,2024-07-09,2024-08-08,4341.64,868.33,5209.97
INV00504,C0222,2024-11-23,2024-12-23,808.14,161.63,969.77
INV00505,C0040,2024-08-01,2024-08-31,4328.45,865.69,5194.14
INV00506,C0085,2025-01-24,2025-02-23,2224.35,444.87,2669.22
INV00507,C0228,2025-08-20,2025-09-19,480.16,96.03,576.19
INV00508,C0071,2024-06-15,2024-07-15,4614.8,922.96,5537.76
INV00509,C0070,2024-01-28,2024-02-27,940.27,188.05,1128.32
INV00510,C0125,2025-01-05,2025-02-04,3961.41,792.28,4753.69
INV00511,C0006,2024-08-13,2024-09-12,1406.62,281.32,1687.94
INV00512,C0204,2024-04-10,2024-05-10,1206.62,241.32,1447.94
INV00513,C0099,2025-07-06,2025-08-05,6406.23,1281.25,7687.48
INV00514,C0135,2025-04-17,2025-05-17,1053.86,210.77,1264.63
INV00515,C0211,2025-02-28,2025-03-30,506.79,101.36,608.15
INV00516,C0045,2025-01-07,2025-02-06,799.55,159.91,959.46
INV00517,C0164,2024-01-08,2024-02-07,2944.97,588.99,3533.96
INV00518,C0231,2025-06-19,2025-07-19,1828.25,365.65,2193.9
INV00519,C0049,2025-11-06,2025-12-06,744.72,148.94,893.66
INV00520,C0228,2024-12-03,2025-01-02,1612.34,322.47,1934.81
INV00521,C0071,2024-03-11,2024-04-10,377.72,75.54,453.26
INV00522,C0040,2025-04-27,2025-05-27,2699.64,539.93,3239.57
INV00523,C0040,2024-07-30,2024-08-29,1342.86,268.57,1611.43
INV00524,C0101,2025-10-11,2025-11-10,2543.85,508.77,3052.62
INV00525,C0031,2024-03-01,2024-03-31,2263.36,452.67,2716.03
INV00526,C0241,2025-06-14,2025-07-14,3265.51,653.1,3918.61
INV00527,C0219,2025-09-09,2025-10-09,3372.6,674.52,4047.12
INV00528,C0240,2025-02-12,2025-03-14,1555.31,311.06,1866.37
INV00529,C0182,2024-09-23,2024-10-23,120.55,24.11,144.66
INV00530,C0147,2024-01-28,2024-02-27,1017.54,203.51,1221.05
INV00531,C0067,2024-08-28,2024-09-27,2304.65,460.93,2765.58
INV00532,C0167,2024-07-13,2024-08-12,4788.1,957.62,5745.72
INV00533,C0119,2024-07-25,2024-08-24,1449.99,290.0,1739.99
INV00534,C0185,2024-01-05,2024-02-04,2830.16,566.03,3396.19
INV00535,C0119,2025-12-18,2026-01-17,1961.31,392.26,2353.57
INV00536,C0145,2024-10-10,2024-11-09,5399.6,1079.92,6479.52
INV00537,C0014,2024-12-21,2025-01-20,1499.01,299.8,1798.81
INV00538,C0140,2024-11-04,2024-12-04,591.9,118.38,710.28
INV00539,C0222,2024-01-23,2024-02-22,4056.66,811.33,4867.99
INV00540,C0121,2024-10-23,2024-11-22,482.97,96.59,579.56
INV00541,C0124,2024-08-15,2024-09-14,4160.05,832.01,4992.06
INV00542,C0119,2025-08-26,2025-09-25,2351.36,470.27,2821.63
INV00543,C0240,2025-11-16,2025-12-16,658.99,131.8,790.79
INV00544,C0236,2025-12-22,2026-01-21,3111.21,622.24,3733.45
INV00545,C0023,2025-09-04,2025-10-04,2040.78,408.16,2448.94
INV00546,C0161,2025-08-21,2025-09-20,348.25,69.65,417.9
INV00547,C0021,2025-07-02,2025-08-01,1014.45,202.89,1217.34
INV00548,C0099,2024-09-28,2024-10-28,5301.82,1060.36,6362.18
INV00549,C0046,2025-01-16,2025-02-15,917.08,183.42,1100.5
INV00550,C0222,2024-01-31,2024-03-01,3855.69,771.14,4626.83
INV00551,C0222,2024-05-14,2024-06-13,1937.83,387.57,2325.4
INV00552,C0119,2025-02-14,2025-03-16,2620.2,524.04,3144.24
INV00553,C0240,2025-04-11,2025-05-11,1737.23,347.45,2084.68
INV00554,C0139,2024-09-12,2024-10-12,2861.04,572.21,3433.25
INV00555,C0227,2024-04-04,2024-05-04,2659.45,531.89,3191.34
INV00556,C0085,2025-05-06,2025-06-05,3158.79,631.76,3790.55
INV00557,C0057,2025-12-14,2026-01-13,3034.74,606.95,3641.69
INV00558,C0045,2024-01-16,2024-02-15,2536.85,507.37,3044.22
INV00559,C0008,2024-06-03,2024-07-03,1638.43,327.69,1966.12
INV00560,C0228,2025-03-25,2025-04-24,3496.94,699.39,4196.33
INV00561,C0040,2024-12-07,2025-01-06,3146.33,629.27,3775.6
INV00562,C0220,2025-08-08,2025-09-07,3685.65,737.13,4422.78
INV00563,C0201,2025-05-02,2025-06-01,2363.02,472.6,2835.62
INV00564,C0225,2024-09-18,2024-10-18,1073.2,214.64,1287.84
INV00565,C0157,2025-12-25,2026-01-24,3517.92,703.58,4221.5
INV00566,C0195,2024-01-04,2024-02-03,3920.68,784.14,4704.82
INV00567,C0121,2024-01-09,2024-02-08,1780.97,356.19,2137.16
INV00568,C0204,2024-05-25,2024-06-24,1490.55,298.11,1788.66
INV00569,C0044,2025-07-28,2025-08-27,2542.33,508.47,3050.8
INV00570,C0124,2024-09-17,2024-10-17,596.22,119.24,715.46
INV00571,C0087,2024-09-07,2024-10-07,1700.84,340.17,2041.01
INV00572,C0188,2025-07-15,2025-08-14,834.31,166.86,1001.17
INV00573,C0197,2025-01-04,2025-02-03,2488.81,497.76,2986.57
INV00574,C0153,2024-02-01,2024-03-02,2977.23,595.45,3572.68
INV00575,C0124,2024-06-16,2024-07-16,1366.07,273.21,1639.28
INV00576,C0163,2025-07-04,2025-08-03,5535.23,1107.05,6642.28
INV00577,C0240,2025-07-07,2025-08-06,3451.88,690.38,4142.26
INV00578,C0241,2025-09-13,2025-10-13,3813.21,762.64,4575.85
INV00579,C0008,2024-10-15,2024-11-14,2751.09,550.22,3301.31
INV00580,C0140,2024-05-01,2024-05-31,1332.59,266.52,1599.11
INV00581,C0073,2025-08-14,2025-09-13,536.65,107.33,643.98
INV00582,C0187,2025-04-29,2025-05-29,3490.75,698.15,4188.9
INV00583,C0009,2024-10-09,2024-11-08,1969.46,393.89,2363.35
INV00584,C0179,2025-01-02,2025-02-01,3413.65,682.73,4096.38
INV00585,C0192,2024-07-05,2024-08-04,2738.92,547.78,3286.7
INV00586,C0229,2025-04-19,2025-05-19,1449.99,290.0,1739.99
INV00587,C0101,2024-06-11,2024-07-11,2131.25,426.25,2557.5
INV00588,C0020,2024-05-20,2024-06-19,2036.62,407.32,2443.94
INV00589,C0046,2024-12-27,2025-01-26,1378.18,275.64,1653.82
INV00590,C0222,2025-04-02,2025-05-02,2660.51,532.1,3192.61
INV00591,C0010,2024-10-11,2024-11-10,1184.58,236.92,1421.5
INV00592,C0006,2025-10-31,2025-11-30,1577.32,315.46,1892.78
INV00593,C0145,2025-03-22,2025-04-21,5310.15,1062.03,6372.18
INV00594,C0161,2025-03-10,2025-04-09,6243.53,1248.71,7492.24
INV00595,C0142,2025-12-15,2026-01-14,2995.3,599.06,3594.36
INV00596,C0173,2024-03-03,2024-04-02,3842.82,768.56,4611.38
INV00597,C0153,2025-04-06,2025-05-06,3183.19,636.64,3819.83
INV00598,C0204,2025-07-11,2025-08-10,2393.31,478.66,2871.97
INV00599,C0167,2024-05-20,2024-06-19,3238.87,647.77,3886.64
INV00600,C0006,2025-04-17,2025-05-17,4889.86,977.97,5867.83
INV00601,C0233,2025-12-19,2026-01-18,2275.06,455.01,2730.07
INV00602,C0240,2024-09-10,2024-10-10,1084.63,216.93,1301.56
INV00603,C0026,2025-10-24,2025-11-23,338.67,67.73,406.4
INV00604,C0170,2025-05-06,2025-06-05,1483.72,296.74,1780.46
INV00605,C0035,2025-05-10,2025-06-09,6613.76,1322.75,7936.51
INV00606,C0096,2025-12-14,2026-01-13,271.34,54.27,325.61
INV00607,C0101,2025-11-23,2025-12-23,5981.17,1196.23,7177.4
INV00608,C0176,2024-11-03,2024-12-03,2363.62,472.72,2836.34
INV00609,C0140,2024-11-03,2024-12-03,930.56,186.11,1116.67
INV00610,C0187,2025-05-16,2025-06-15,2225.34,445.07,2670.41
INV00611,C0109,2025-03-12,2025-04-11,6793.97,1358.79,8152.76
INV00612,C0084,2025-12-09,2026-01-08,1039.34,207.87,1247.21
INV00613,C0049,2025-01-28,2025-02-27,6388.99,1277.8,7666.79
INV00614,C0053,2025-07-07,2025-08-06,4923.76,984.75,5908.51
INV00615,C0039,2024-02-12,2024-03-13,636.14,127.23,763.37
INV00616,C0195,2025-01-20,2025-02-19,3547.28,709.46,4256.74
INV00617,C0125,2025-10-12,2025-11-11,3841.02,768.2,4609.22
INV00618,C0153,2025-01-08,2025-02-07,3336.84,667.37,4004.21
INV00619,C0039,2024-06-02,2024-07-02,2442.35,488.47,2930.82
INV00620,C0063,2024-03-13,2024-04-12,5595.67,1119.13,6714.8
INV00621,C0226,2024-10-06,2024-11-05,4259.47,851.89,5111.36
INV00622,C0119,2024-01-12,2024-02-11,3850.47,770.09,4620.56
INV00623,C0222,2025-08-14,2025-09-13,1829.91,365.98,2195.89
INV00624,C0098,2024-10-09,2024-11-08,2421.2,484.24,2905.44
INV00625,C0064,2024-09-02,2024-10-02,6393.66,1278.73,7672.39
INV00626,C0240,2025-02-15,2025-03-17,4343.82,868.76,5212.58
INV00627,C0005,2024-10-18,2024-11-17,3127.77,625.55,3753.32
INV00628,C0089,2025-12-13,2026-01-12,1568.86,313.77,1882.63
INV00629,C0191,2024-06-19,2024-07-19,3670.23,734.05,4404.28
INV00630,C0153,2024-02-29,2024-03-30,7310.54,1462.11,8772.65
INV00631,C0124,2025-03-04,2025-04-03,1325.4,265.08,1590.48
INV00632,C0116,2024-09-05,2024-10-05,2681.01,536.2,3217.21
INV00633,C0035,2024-01-05,2024-02-04,5037.8,1007.56,6045.36
INV00634,C0046,2025-02-15,2025-03-17,2428.53,485.71,2914.24
INV00635,C0099,2024-09-30,2024-10-30,4070.5,814.1,4884.6
INV00636,C0161,2025-01-31,2025-03-02,1337.86,267.57,1605.43
INV00637,C0009,2024-03-17,2024-04-16,594.15,118.83,712.98
INV00638,C0088,2024-03-10,2024-04-09,612.23,122.45,734.68
INV00639,C0164,2024-09-23,2024-10-23,3876.21,775.24,4651.45
INV00640,C0147,2025-01-09,2025-02-08,2295.41,459.08,2754.49
INV00641,C0214,2025-10-08,2025-11-07,4593.58,918.72,5512.3
INV00642,C0190,2024-06-18,2024-07-18,3328.62,665.72,3994.34
INV00643,C0235,2024-04-07,2024-05-07,1631.14,326.23,1957.37
INV00644,C0044,2025-01-27,2025-02-26,4368.37,873.67,5242.04
INV00645,C0023,2024-11-26,2024-12-26,2514.64,502.93,3017.57
INV00646,C0015,2025-06-15,2025-07-15,497.66,99.53,597.19
INV00647,C0120,2025-12-08,2026-01-07,710.98,142.2,853.18
INV00648,C0233,2024-05-25,2024-06-24,4382.29,876.46,5258.75
INV00649,C0099,2025-01-27,2025-02-26,2153.03,430.61,2583.64
INV00650,C0189,2024-07-14,2024-08-13,1129.78,225.96,1355.74
INV00651,C0213,2025-10-17,2025-11-16,2760.24,552.05,3312.29
INV00652,C0147,2024-02-21,2024-03-22,3470.58,694.12,4164.7
INV00653,C0021,2024-10-04,2024-11-03,4275.63,855.13,5130.76
INV00654,C0195,2025-10-10,2025-11-09,6272.31,1254.46,7526.77
INV00655,C0240,2024-01-10,2024-02-09,3969.19,793.84,4763.03
INV00656,C0058,2024-03-25,2024-04-24,4492.09,898.42,5390.51
INV00657,C0046,2024-05-16,2024-06-15,2857.21,571.44,3428.65
INV00658,C0121,2025-12-29,2026-01-28,716.66,143.33,859.99
INV00659,C0045,2025-06-05,2025-07-05,2257.31,451.46,2708.77
INV00660,C0161,2025-06-20,2025-07-20,3060.49,612.1,3672.59
INV00661,C0050,2024-06-04,2024-07-04,2351.52,470.3,2821.82
INV00662,C0235,2025-01-21,2025-02-20,3585.18,717.04,4302.22
INV00663,C0240,2024-01-16,2024-02-15,660.5,132.1,792.6
INV00664,C0175,2024-12-09,2025-01-08,992.51,198.5,1191.01
INV00665,C0195,2025-01-24,2025-02-23,1949.56,389.91,2339.47
INV00666,C0187,2024-12-15,2025-01-14,1564.68,312.94,1877.62
INV00667,C0053,2024-05-01,2024-05-31,179.79,35.96,215.75
INV00668,C0035,2025-07-13,2025-08-12,119.86,23.97,143.83
INV00669,C0071,2024-04-04,2024-05-04,1164.96,232.99,1397.95
INV00670,C0019,2024-07-26,2024-08-25,151.86,30.37,182.23
INV00671,C0180,2024-06-10,2024-07-10,3007.39,601.48,3608.87
INV00672,C0011,2025-04-28,2025-05-28,4037.1,807.42,4844.52
INV00673,C0102,2024-01-14,2024-02-13,636.14,127.23,763.37
INV00674,C0108,2024-01-19,2024-02-18,2249.82,449.96,2699.78
INV00675,C0212,2025-10-24,2025-11-23,1059.68,211.94,1271.62
INV00676,C0161,2024-01-27,2024-02-26,5860.64,1172.13,7032.77
INV00677,C0116,2025-05-03,2025-06-02,1915.28,383.06,2298.34
INV00678,C0197,2024-11-28,2024-12-28,129.08,25.82,154.9
INV00679,C0140,2025-09-04,2025-10-04,3006.24,601.25,3607.49
INV00680,C0159,2024-12-22,2025-01-21,2758.05,551.61,3309.66
INV00681,C0109,2024-02-16,2024-03-17,2754.64,550.93,3305.57
INV00682,C0153,2025-07-22,2025-08-21,2422.34,484.47,2906.81
INV00683,C0167,2024-09-25,2024-10-25,2761.16,552.23,3313.39
INV00684,C0235,2025-01-14,2025-02-13,3109.86,621.97,3731.83
INV00685,C0119,2024-01-24,2024-02-23,1879.74,375.95,2255.69
INV00686,C0146,2025-12-25,2026-01-24,3699.42,739.88,4439.3
INV00687,C0119,2025-07-23,2025-08-22,1205.38,241.08,1446.46
INV00688,C0226,2024-07-06,2024-08-05,883.6,176.72,1060.32
INV00689,C0161,2024-07-13,2024-08-12,2086.88,417.38,2504.26
INV00690,C0195,2024-01-01,2024-01-31,1497.68,299.54,1797.22
INV00691,C0168,2025-01-30,2025-03-01,303.02,60.6,363.62
INV00692,C0038,2025-01-22,2025-02-21,225.78,45.16,270.94
INV00693,C0003,2025-04-09,2025-05-09,2847.07,569.41,3416.48
INV00694,C0228,2025-04-29,2025-05-29,1963.56,392.71,2356.27
INV00695,C0108,2024-06-12,2024-07-12,6797.61,1359.52,8157.13
INV00696,C0067,2025-10-11,2025-11-10,3554.91,710.98,4265.89
INV00697,C0010,2025-11-21,2025-12-21,3777.5,755.5,4533.0
INV00698,C0125,2025-06-01,2025-07-01,3072.18,614.44,3686.62
INV00699,C0241,2024-05-15,2024-06-14,723.27,144.65,867.92
INV00700,C0196,2024-08-15,2024-09-14,797.15,159.43,956.58
INV00701,C0083,2025-01-05,2025-02-04,2047.15,409.43,2456.58
INV00702,C0209,2024-08-17,2024-09-16,213.89,42.78,256.67
INV00703,C0039,2024-01-29,2024-02-28,5139.62,1027.92,6167.54
INV00704,C0147,2025-11-28,2025-12-28,2259.56,451.91,2711.47
INV00705,C0240,2025-07-22,2025-08-21,561.3,112.26,673.56
INV00706,C0101,2025-08-02,2025-09-01,349.48,69.9,419.38
INV00707,C0174,2024-10-07,2024-11-06,3461.29,692.26,4153.55
INV00708,C0175,2024-12-31,2025-01-30,1660.91,332.18,1993.09
INV00709,C0120,2025-11-10,2025-12-10,3240.8,648.16,3888.96
INV00710,C0187,2025-08-03,2025-09-02,804.32,160.86,965.18
INV00711,C0061,2024-06-16,2024-07-16,1828.25,365.65,2193.9
INV00712,C0161,2024-04-08,2024-05-08,1567.28,313.46,1880.74
INV00713,C0020,2025-10-10,2025-11-09,2019.03,403.81,2422.84
INV00714,C0191,2024-12-23,2025-01-22,1332.59,266.52,1599.11
INV00715,C0045,2025-04-10,2025-05-10,1268.67,253.73,1522.4
INV00716,C0239,2024-10-18,2024-11-17,2669.36,533.87,3203.23
INV00717,C0135,2024-04-08,2024-05-08,226.41,45.28,271.69
INV00718,C0187,2024-10-28,2024-11-27,4577.84,915.57,5493.41
INV00719,C0203,2024-06-25,2024-07-25,303.72,60.74,364.46
INV00720,C0240,2024-03-14,2024-04-13,1817.08,363.42,2180.5
INV00721,C0161,2025-06-17,2025-07-17,1999.84,399.97,2399.81
INV00722,C0226,2025-07-21,2025-08-20,1955.4,391.08,2346.48
INV00723,C0239,2024-11-30,2024-12-30,3725.86,745.17,4471.03
INV00724,C0190,2025-02-18,2025-03-20,2564.49,512.9,3077.39
INV00725,C0124,2024-06-15,2024-07-15,4902.0,980.4,5882.4
INV00726,C0212,2025-10-13,2025-11-12,3043.27,608.65,3651.92
INV00727,C0239,2024-11-26,2024-12-26,5057.71,1011.54,6069.25
INV00728,C0070,2025-10-25,2025-11-24,3768.29,753.66,4521.95
INV00729,C0240,2024-05-22,2024-06-21,68.71,13.74,82.45
INV00730,C0170,2025-11-07,2025-12-07,4186.89,837.38,5024.27
INV00731,C0099,2024-07-26,2024-08-25,4238.91,847.78,5086.69
INV00732,C0061,2025-07-08,2025-08-07,336.78,67.36,404.14
INV00733,C0108,2024-06-11,2024-07-11,4333.71,866.74,5200.45
INV00734,C0023,2025-12-08,2026-01-07,3204.13,640.83,3844.96
INV00735,C0211,2025-04-01,2025-05-01,645.41,129.08,774.49
INV00736,C0059,2024-11-30,2024-12-30,1333.56,266.71,1600.27
INV00737,C0111,2024-09-27,2024-10-27,2395.48,479.1,2874.58
INV00738,C0223,2024-04-29,2024-05-29,4446.19,889.24,5335.43
INV00739,C0046,2025-05-25,2025-06-24,1353.97,270.79,1624.76
INV00740,C0161,2025-10-31,2025-11-30,5715.48,1143.1,6858.58
INV00741,C0109,2024-02-23,2024-03-24,1044.75,208.95,1253.7
INV00742,C0182,2025-07-04,2025-08-03,1767.2,353.44,2120.64
INV00743,C0026,2024-09-25,2024-10-25,4601.02,920.2,5521.22
INV00744,C0192,2025-10-16,2025-11-15,1019.21,203.84,1223.05
INV00745,C0109,2025-03-09,2025-04-08,878.22,175.64,1053.86
INV00746,C0100,2025-06-20,2025-07-20,970.8,194.16,1164.96
INV00747,C0116,2025-05-18,2025-06-17,6661.35,1332.27,7993.62
INV00748,C0176,2025-04-09,2025-05-09,3114.91,622.98,3737.89
INV00749,C0236,2025-02-04,2025-03-06,1192.44,238.49,1430.93
INV00750,C0021,2025-07-22,2025-08-21,4808.66,961.73,5770.39
INV00751,C0181,2024-06-04,2024-07-04,1859.6,371.92,2231.52
INV00752,C0101,2025-02-07,2025-03-09,2628.77,525.75,3154.52
INV00753,C0179,2025-08-04,2025-09-03,4424.7,884.94,5309.64
INV00754,C0038,2024-08-12,2024-09-11,4091.43,818.29,4909.72
INV00755,C0119,2024-10-26,2024-11-25,4733.18,946.64,5679.82
INV00756,C0160,2025-02-17,2025-03-19,2614.79,522.96,3137.75
INV00757,C0149,2025-01-29,2025-02-28,3872.65,774.53,4647.18
INV00758,C0192,2025-09-23,2025-10-23,4656.94,931.39,5588.33
INV00759,C0222,2024-07-23,2024-08-22,2965.54,593.11,3558.65
INV00760,C0161,2024-05-08,2024-06-07,63.26,12.65,75.91
INV00761,C0119,2025-07-27,2025-08-26,2134.35,426.87,2561.22
INV00762,C0226,2025-07-20,2025-08-19,1373.68,274.74,1648.42
INV00763,C0027,2025-11-19,2025-12-19,3788.66,757.73,4546.39
INV00764,C0170,2025-02-26,2025-03-28,2168.59,433.72,2602.31
INV00765,C0063,2024-07-25,2024-08-24,2486.78,497.36,2984.14
INV00766,C0240,2025-07-16,2025-08-15,475.32,95.06,570.38
INV00767,C0145,2025-03-18,2025-04-17,251.71,50.34,302.05
INV00768,C0207,2025-08-03,2025-09-02,849.61,169.92,1019.53
INV00769,C0240,2024-06-24,2024-07-24,3327.8,665.56,3993.36
INV00770,C0164,2024-06-27,2024-07-27,1008.45,201.69,1210.14
INV00771,C0168,2024-07-12,2024-08-11,2639.65,527.93,3167.58
INV00772,C0035,2024-04-15,2024-05-15,851.67,170.33,1022.0
INV00773,C0153,2025-06-29,2025-07-29,3503.97,700.79,4204.76
INV00774,C0228,2025-10-17,2025-11-16,3131.44,626.29,3757.73
INV00775,C0165,2025-08-03,2025-09-02,4045.65,809.13,4854.78
INV00776,C0160,2024-03-20,2024-04-19,1030.79,206.16,1236.95
INV00777,C0167,2024-12-21,2025-01-20,1472.67,294.53,1767.2
INV00778,C0175,2025-08-30,2025-09-29,2808.52,561.7,3370.22
INV00779,C0201,2024-06-11,2024-07-11,1928.86,385.77,2314.63
INV00780,C0181,2025-09-02,2025-10-02,1192.44,238.49,1430.93
INV00781,C0099,2025-05-11,2025-06-10,4921.48,984.3,5905.78
INV00782,C0070,2025-06-28,2025-07-28,1564.18,312.84,1877.02
INV00783,C0108,2024-08-22,2024-09-21,2629.51,525.9,3155.41
INV00784,C0038,2024-06-06,2024-07-06,416.42,83.28,499.7
INV00785,C0249,2024-07-22,2024-08-21,2439.13,487.83,2926.96
INV00786,C0022,2024-01-28,2024-02-27,760.49,152.1,912.59
INV00787,C0187,2025-07-21,2025-08-20,915.79,183.16,1098.95
INV00788,C0069,2024-05-01,2024-05-31,1567.12,313.42,1880.54
INV00789,C0209,2024-01-26,2024-02-25,1804.82,360.96,2165.78
INV00790,C0133,2024-04-11,2024-05-11,950.57,190.11,1140.68
INV00791,C0192,2025-07-29,2025-08-28,1998.39,399.68,2398.07
INV00792,C0138,2025-09-05,2025-10-05,1758.7,351.74,2110.44
INV00793,C0108,2025-01-23,2025-02-22,4949.13,989.83,5938.96
INV00794,C0047,2025-06-18,2025-07-18,4894.49,978.9,5873.39
INV00795,C0215,2025-07-30,2025-08-29,2122.53,424.51,2547.04
INV00796,C0034,2025-08-17,2025-09-16,1629.98,326.0,1955.98
INV00797,C0155,2025-08-06,2025-09-05,3041.08,608.22,3649.3
INV00798,C0226,2024-01-11,2024-02-10,338.67,67.73,406.4
INV00799,C0069,2024-04-24,2024-05-24,1052.46,210.49,1262.95
INV00800,C0225,2024-05-08,2024-06-07,1859.33,371.87,2231.2
INV00801,C0050,2024-10-25,2024-11-24,3032.33,606.47,3638.8
INV00802,C0095,2025-01-16,2025-02-15,3914.18,782.84,4697.02
INV00803,C0153,2024-02-16,2024-03-17,2436.0,487.2,2923.2
INV00804,C0040,2024-09-16,2024-10-16,894.33,178.87,1073.2
INV00805,C0210,2025-03-08,2025-04-07,571.06,114.21,685.27
INV00806,C0149,2025-03-17,2025-04-16,594.15,118.83,712.98
INV00807,C0109,2024-06-05,2024-07-05,4100.03,820.01,4920.04
INV00808,C0089,2025-12-15,2026-01-14,5950.79,1190.16,7140.95
INV00809,C0207,2025-03-13,2025-04-12,3388.03,677.61,4065.64
INV00810,C0096,2025-09-28,2025-10-28,330.84,66.17,397.01
INV00811,C0064,2025-11-23,2025-12-23,4084.18,816.84,4901.02
INV00812,C0062,2024-05-23,2024-06-22,3950.33,790.07,4740.4
INV00813,C0108,2025-07-01,2025-07-31,2591.59,518.32,3109.91
INV00814,C0062,2025-09-22,2025-10-22,1499.88,299.98,1799.86
INV00815,C0203,2024-02-20,2024-03-21,2903.35,580.67,3484.02
INV00816,C0170,2025-02-18,2025-03-20,1389.47,277.89,1667.36
INV00817,C0103,2025-02-11,2025-03-13,1406.62,281.32,1687.94
INV00818,C0214,2025-09-10,2025-10-10,915.79,183.16,1098.95
INV00819,C0157,2025-01-24,2025-02-23,3681.51,736.3,4417.81
INV00820,C0050,2025-08-29,2025-09-28,1360.52,272.1,1632.62
INV00821,C0219,2024-11-09,2024-12-09,3019.81,603.96,3623.77
INV00822,C0005,2025-08-02,2025-09-01,2054.07,410.81,2464.88
INV00823,C0191,2024-10-13,2024-11-12,1985.15,397.03,2382.18
INV00824,C0235,2024-12-03,2025-01-02,1556.0,311.2,1867.2
INV00825,C0035,2024-02-02,2024-03-03,2035.08,407.02,2442.1
INV00826,C0070,2024-03-06,2024-04-05,966.36,193.27,1159.63
INV00827,C0167,2025-11-09,2025-12-09,285.53,57.11,342.64
INV00828,C0161,2024-07-16,2024-08-15,1375.25,275.05,1650.3
INV00829,C0196,2025-05-09,2025-06-08,5070.25,1014.05,6084.3
INV00830,C0009,2024-01-11,2024-02-10,932.69,186.54,1119.23
INV00831,C0147,2025-04-29,2025-05-29,2918.13,583.63,3501.76
INV00832,C0241,2024-10-02,2024-11-01,2783.81,556.76,3340.57
INV00833,C0211,2024-11-24,2024-12-24,4038.18,807.64,4845.82
INV00834,C0161,2024-06-26,2024-07-26,5418.99,1083.8,6502.79
INV00835,C0161,2024-11-02,2024-12-02,1525.2,305.04,1830.24
INV00836,C0044,2025-03-18,2025-04-17,3035.37,607.07,3642.44
INV00837,C0102,2024-11-26,2024-12-26,508.77,101.75,610.52
INV00838,C0133,2024-02-05,2024-03-06,5745.63,1149.13,6894.76
INV00839,C0039,2025-03-23,2025-04-22,3893.64,778.73,4672.37
INV00840,C0011,2024-11-27,2024-12-27,3893.74,778.75,4672.49
INV00841,C0201,2025-07-04,2025-08-03,2288.03,457.61,2745.64
INV00842,C0085,2025-06-24,2025-07-24,2500.87,500.17,3001.04
INV00843,C0116,2025-04-02,2025-05-02,1198.72,239.74,1438.46
INV00844,C0201,2025-10-14,2025-11-13,6064.47,1212.89,7277.36
INV00845,C0109,2025-07-25,2025-08-24,3997.65,799.53,4797.18
INV00846,C0069,2025-12-05,2026-01-04,1867.16,373.43,2240.59
INV00847,C0207,2025-05-30,2025-06-29,1282.96,256.59,1539.55
INV00848,C0035,2025-06-17,2025-07-17,4170.15,834.03,5004.18
INV00849,C0164,2025-11-04,2025-12-04,3399.06,679.81,4078.87
INV00850,C0247,2024-11-22,2024-12-22,1201.82,240.36,1442.18
INV00851,C0115,2024-02-28,2024-03-29,1341.5,268.3,1609.8
INV00852,C0034,2025-06-16,2025-07-16,2893.83,578.77,3472.6
INV00853,C0062,2025-04-14,2025-05-14,2512.97,502.59,3015.56
INV00854,C0195,2024-04-14,2024-05-14,3228.83,645.77,3874.6
INV00855,C0161,2024-02-07,2024-03-08,1096.95,219.39,1316.34
INV00856,C0215,2024-11-03,2024-12-03,2685.92,537.18,3223.1
INV00857,C0166,2024-05-26,2024-06-25,499.96,99.99,599.95
INV00858,C0140,2025-05-20,2025-06-19,1200.85,240.17,1441.02
INV00859,C0079,2024-02-21,2024-03-22,322.5,64.5,387.0
INV00860,C0187,2024-10-25,2024-11-24,5310.86,1062.17,6373.03
INV00861,C0050,2024-06-07,2024-07-07,24.11,4.82,28.93
INV00862,C0239,2024-01-28,2024-02-27,2223.0,444.6,2667.6
INV00863,C0153,2025-09-09,2025-10-09,59.93,11.99,71.92
INV00864,C0209,2025-11-29,2025-12-29,3033.08,606.62,3639.7
INV00865,C0168,2025-05-28,2025-06-27,1029.35,205.87,1235.22
INV00866,C0243,2024-02-18,2024-03-19,292.74,58.55,351.29
INV00867,C0042,2025-07-25,2025-08-24,644.99,129.0,773.99
INV00868,C0125,2025-11-14,2025-12-14,3107.76,621.55,3729.31
INV00869,C0147,2024-07-25,2024-08-24,1707.02,341.4,2048.42
INV00870,C0057,2024-01-27,2024-02-26,2040.78,408.16,2448.94
INV00871,C0243,2024-04-24,2024-05-24,332.95,66.59,399.54
INV00872,C0179,2025-12-22,2026-01-21,266.52,53.3,319.82
INV00873,C0192,2024-08-23,2024-09-22,4676.1,935.22,5611.32
INV00874,C0233,2025-03-16,2025-04-15,3880.99,776.2,4657.19
INV00875,C0244,2024-03-19,2024-04-18,1207.21,241.44,1448.65
INV00876,C0157,2025-05-20,2025-06-19,1433.32,286.66,1719.98
INV00877,C0211,2024-07-01,2024-07-31,2731.22,546.24,3277.46
INV00878,C0165,2025-09-17,2025-10-17,1501.21,300.24,1801.45
INV00879,C0211,2024-03-01,2024-03-31,355.49,71.1,426.59
INV00880,C0226,2024-08-03,2024-09-02,748.4,149.68,898.08
INV00881,C0240,2024-03-05,2024-04-04,820.17,164.03,984.2
INV00882,C0044,2025-11-30,2025-12-30,1751.68,350.34,2102.02
INV00883,C0020,2024-04-12,2024-05-12,4140.94,828.19,4969.13
INV00884,C0038,2024-01-17,2024-02-16,1710.22,342.04,2052.26
INV00885,C0021,2025-06-05,2025-07-05,3752.97,750.59,4503.56
INV00886,C0167,2025-11-22,2025-12-22,368.69,73.74,442.43
INV00887,C0187,2024-05-22,2024-06-21,2718.4,543.68,3262.08
INV00888,C0019,2024-04-21,2024-05-21,1949.24,389.85,2339.09
INV00889,C0197,2025-11-25,2025-12-25,1537.86,307.57,1845.43
INV00890,C0009,2025-12-31,2026-01-30,2890.75,578.15,3468.9
INV00891,C0053,2024-12-31,2025-01-30,304.58,60.92,365.5
INV00892,C0226,2024-11-16,2024-12-16,3503.07,700.61,4203.68
INV00893,C0249,2025-12-06,2026-01-05,2050.77,410.15,2460.92
INV00894,C0161,2024-06-30,2024-07-30,4229.27,845.85,5075.12
INV00895,C0226,2025-09-18,2025-10-18,884.9,176.98,1061.88
INV00896,C0109,2025-09-12,2025-10-12,688.37,137.67,826.04
INV00897,C0202,2024-04-02,2024-05-02,3750.75,750.15,4500.9
INV00898,C0070,2025-04-11,2025-05-11,2499.8,499.96,2999.76
INV00899,C0211,2025-03-18,2025-04-17,374.2,74.84,449.04
INV00900,C0050,2024-01-04,2024-02-03,987.25,197.45,1184.7
INV00901,C0140,2025-04-27,2025-05-27,1838.32,367.66,2205.98
INV00902,C0221,2025-03-28,2025-04-27,795.17,159.03,954.2
INV00903,C0121,2025-03-17,2025-04-16,3874.09,774.82,4648.91
INV00904,C0170,2024-10-16,2024-11-15,2281.39,456.28,2737.67
INV00905,C0187,2025-04-25,2025-05-25,3334.19,666.84,4001.03
INV00906,C0061,2025-03-13,2025-04-12,221.7,44.34,266.04
INV00907,C0161,2024-05-20,2024-06-19,2057.15,411.43,2468.58
INV00908,C0203,2025-07-30,2025-08-29,2284.21,456.84,2741.05
INV00909,C0112,2024-01-04,2024-02-03,1013.57,202.71,1216.28
INV00910,C0014,2025-09-11,2025-10-11,5124.88,1024.98,6149.86
INV00911,C0223,2024-12-10,2025-01-09,4633.03,926.61,5559.64
INV00912,C0108,2024-01-10,2024-02-09,257.77,51.55,309.32
INV00913,C0030,2024-03-18,2024-04-17,2470.57,494.11,2964.68
INV00914,C0209,2024-08-29,2024-09-28,1480.06,296.01,1776.07
INV00915,C0101,2024-05-27,2024-06-26,2001.61,400.32,2401.93
INV00916,C0038,2025-11-29,2025-12-29,2570.78,514.16,3084.94
INV00917,C0233,2024-01-08,2024-02-07,3047.02,609.4,3656.42
INV00918,C0140,2025-03-30,2025-04-29,3391.28,678.26,4069.54
INV00919,C0155,2024-08-11,2024-09-10,1747.54,349.51,2097.05
INV00920,C0031,2024-04-23,2024-05-23,4860.83,972.17,5833.0
INV00921,C0203,2024-07-18,2024-08-17,2109.19,421.84,2531.03
INV00922,C0212,2025-04-21,2025-05-21,2259.56,451.91,2711.47
INV00923,C0133,2025-05-12,2025-06-11,271.34,54.27,325.61
INV00924,C0124,2025-02-11,2025-03-13,2289.47,457.89,2747.36
INV00925,C0050,2025-03-29,2025-04-28,2209.01,441.8,2650.81
INV00926,C0190,2024-09-12,2024-10-12,4282.93,856.59,5139.52
INV00927,C0085,2024-09-01,2024-10-01,1334.61,266.92,1601.53
INV00928,C0107,2024-09-17,2024-10-17,1588.84,317.77,1906.61
INV00929,C0245,2024-10-16,2024-11-15,1606.72,321.34,1928.06
INV00930,C0034,2025-12-25,2026-01-24,1640.89,328.18,1969.07
INV00931,C0061,2024-08-15,2024-09-14,432.45,86.49,518.94
INV00932,C0192,2025-10-22,2025-11-21,1736.84,347.37,2084.21
INV00933,C0006,2025-01-27,2025-02-26,526.93,105.39,632.32
INV00934,C0167,2024-08-28,2024-09-27,1536.33,307.27,1843.6
INV00935,C0048,2025-09-05,2025-10-05,3969.51,793.9,4763.41
INV00936,C0237,2024-03-08,2024-04-07,739.45,147.89,887.34
INV00937,C0201,2024-05-03,2024-06-02,1472.67,294.53,1767.2
INV00938,C0062,2025-04-22,2025-05-22,1741.25,348.25,2089.5
INV00939,C0046,2025-08-29,2025-09-28,1053.86,210.77,1264.63
INV00940,C0226,2024-08-09,2024-09-08,2566.65,513.33,3079.98
INV00941,C0211,2025-07-17,2025-08-16,3864.15,772.83,4636.98
INV00942,C0147,2024-07-30,2024-08-29,1223.27,244.65,1467.92
INV00943,C0006,2024-08-08,2024-09-07,2005.88,401.18,2407.06
INV00944,C0153,2024-07-11,2024-08-10,451.55,90.31,541.86
INV00945,C0213,2024-01-06,2024-02-05,3065.62,613.12,3678.74
INV00946,C0233,2024-08-01,2024-08-31,562.65,112.53,675.18
INV00947,C0096,2025-07-31,2025-08-30,5836.66,1167.33,7003.99
INV00948,C0096,2025-08-30,2025-09-29,3313.97,662.79,3976.76
INV00949,C0014,2024-02-05,2024-03-06,2201.02,440.2,2641.22
INV00950,C0001,2024-09-16,2024-10-16,4406.13,881.23,5287.36
INV00951,C0058,2025-01-08,2025-02-07,689.39,137.88,827.27
INV00952,C0187,2024-11-08,2024-12-08,3567.36,713.47,4280.83
INV00953,C0099,2025-07-11,2025-08-10,4229.49,845.9,5075.39
INV00954,C0064,2025-07-11,2025-08-10,327.42,65.48,392.9
INV00955,C0096,2025-10-27,2025-11-26,946.44,189.29,1135.73
INV00956,C0067,2025-09-03,2025-10-03,1923.34,384.67,2308.01
INV00957,C0161,2025-09-14,2025-10-14,738.36,147.67,886.03
INV00958,C0179,2024-06-19,2024-07-19,4171.33,834.27,5005.6
INV00959,C0099,2025-09-10,2025-10-10,5021.3,1004.26,6025.56
INV00960,C0161,2024-04-08,2024-05-08,1215.99,243.2,1459.19
INV00961,C0192,2025-02-22,2025-03-24,1177.42,235.48,1412.9
INV00962,C0062,2025-08-14,2025-09-13,886.4,177.28,1063.68
INV00963,C0005,2025-02-10,2025-03-12,2042.76,408.55,2451.31
INV00964,C0243,2025-07-14,2025-08-13,1427.65,285.53,1713.18
INV00965,C0215,2024-09-19,2024-10-19,887.76,177.55,1065.31
INV00966,C0175,2024-04-01,2024-05-01,2999.53,599.91,3599.44
INV00967,C0138,2024-11-14,2024-12-14,1142.12,228.42,1370.54
INV00968,C0192,2025-10-13,2025-11-12,1593.34,318.67,1912.01
INV00969,C0161,2025-04-09,2025-05-09,3201.66,640.33,3841.99
INV00970,C0111,2025-03-20,2025-04-19,3661.64,732.33,4393.97
INV00971,C0140,2024-07-14,2024-08-13,6531.59,1306.32,7837.91
INV00972,C0119,2025-02-25,2025-03-27,1876.21,375.24,2251.45
INV00973,C0164,2024-01-03,2024-02-02,1626.99,325.4,1952.39
INV00974,C0247,2024-08-09,2024-09-08,1438.55,287.71,1726.26
INV00975,C0207,2024-09-28,2024-10-28,3689.42,737.88,4427.3
INV00976,C0069,2025-08-02,2025-09-01,72.33,14.47,86.8
INV00977,C0121,2024-12-19,2025-01-18,2988.49,597.7,3586.19
INV00978,C0022,2024-07-25,2024-08-24,5768.92,1153.78,6922.7
INV00979,C0102,2025-07-17,2025-08-16,3909.56,781.91,4691.47
INV00980,C0151,2024-10-30,2024-11-29,3038.41,607.68,3646.09
INV00981,C0233,2024-12-17,2025-01-16,2634.03,526.81,3160.84
INV00982,C0099,2024-10-17,2024-11-16,2252.45,450.49,2702.94
INV00983,C0067,2025-07-19,2025-08-18,3036.83,607.37,3644.2
INV00984,C0109,2025-02-09,2025-03-11,2507.35,501.47,3008.82
INV00985,C0053,2025-08-14,2025-09-13,3699.75,739.95,4439.7
INV00986,C0112,2025-04-24,2025-05-24,5095.44,1019.09,6114.53
INV00987,C0161,2025-05-14,2025-06-13,1142.12,228.42,1370.54
INV00988,C0163,2025-12-22,2026-01-21,1782.88,356.58,2139.46
INV00989,C0209,2025-10-01,2025-10-31,5425.41,1085.08,6510.49
INV00990,C0087,2024-05-12,2024-06-11,5611.43,1122.29,6733.72
INV00991,C0021,2024-06-22,2024-07-22,4854.64,970.93,5825.57
INV00992,C0167,2024-01-31,2024-03-01,3169.14,633.83,3802.97
INV00993,C0212,2024-12-29,2025-01-28,1880.69,376.14,2256.83
INV00994,C0071,2025-09-24,2025-10-24,1795.25,359.05,2154.3
INV00995,C0085,2025-03-31,2025-04-30,5366.81,1073.36,6440.17
INV00996,C0031,2024-12-31,2025-01-30,2944.52,588.9,3533.42
INV00997,C0228,2025-08-28,2025-09-27,2350.46,470.09,2820.55
INV00998,C0161,2024-10-16,2024-11-15,3890.48,778.1,4668.58
INV00999,C0216,2025-05-10,2025-06-09,4718.04,943.61,5661.65
INV01000,C0010,2025-10-11,2025-11-10,1612.48,322.5,1934.98
INV01001,C0233,2025-07-21,2025-08-20,2127.74,425.55,2553.29
INV01002,C0109,2024-01-22,2024-02-21,3476.76,695.35,4172.11
INV01003,C0119,2025-09-02,2025-10-02,2462.37,492.47,2954.84
INV01004,C0222,2025-06-10,2025-07-10,2567.42,513.48,3080.9
INV01005,C0085,2025-04-09,2025-05-09,1654.81,330.96,1985.77
INV01006,C0099,2025-07-20,2025-08-19,1659.11,331.82,1990.93
INV01007,C0050,2024-01-23,2024-02-22,852.5,170.5,1023.0
INV01008,C0091,2024-07-17,2024-08-16,3966.64,793.33,4759.97
INV01009,C0109,2025-11-14,2025-12-14,2085.66,417.13,2502.79
INV01010,C0070,2025-05-30,2025-06-29,772.72,154.54,927.26
INV01011,C0145,2025-05-19,2025-06-18,3916.72,783.34,4700.06
INV01012,C0192,2024-07-03,2024-08-02,3211.9,642.38,3854.28
INV01013,C0161,2024-11-03,2024-12-03,345.96,69.19,415.15
INV01014,C0179,2024-04-08,2024-05-08,2473.13,494.63,2967.76
INV01015,C0019,2024-01-25,2024-02-24,516.32,103.26,619.58
INV01016,C0070,2025-03-29,2025-04-28,2429.15,485.83,2914.98
INV01017,C0223,2025-01-15,2025-02-14,96.44,19.29,115.73
INV01018,C0128,2024-05-27,2024-06-26,2055.16,411.03,2466.19
INV01019,C0067,2024-12-14,2025-01-13,1253.7,250.74,1504.44
INV01020,C0191,2024-10-21,2024-11-20,2794.9,558.98,3353.88
INV01021,C0170,2025-01-20,2025-02-19,407.01,81.4,488.41
INV01022,C0236,2024-07-31,2024-08-30,1660.98,332.2,1993.18
INV01023,C0175,2025-11-02,2025-12-02,1573.94,314.79,1888.73
INV01024,C0240,2025-03-23,2025-04-22,4207.15,841.43,5048.58
INV01025,C0153,2025-12-10,2026-01-09,497.66,99.53,597.19
INV01026,C0185,2025-08-05,2025-09-04,4192.73,838.55,5031.28
INV01027,C0079,2025-03-20,2025-04-19,4194.29,838.86,5033.15
INV01028,C0062,2024-08-30,2024-09-29,1791.65,358.33,2149.98
INV01029,C0050,2025-02-14,2025-03-16,2549.18,509.84,3059.02
INV01030,C0241,2025-08-06,2025-09-05,3057.81,611.56,3669.37
INV01031,C0157,2025-12-13,2026-01-12,4752.65,950.53,5703.18
INV01032,C0203,2025-02-08,2025-03-10,1389.47,277.89,1667.36
INV01033,C0147,2025-12-28,2026-01-27,506.79,101.36,608.15
INV01034,C0222,2024-12-14,2025-01-13,3853.13,770.63,4623.76
INV01035,C0227,2024-09-23,2024-10-23,1840.07,368.01,2208.08
INV01036,C0063,2025-02-10,2025-03-12,235.65,47.13,282.78
INV01037,C0037,2025-12-05,2026-01-04,894.33,178.87,1073.2
INV01038,C0096,2025-09-22,2025-10-22,1766.13,353.23,2119.36
INV01039,C0053,2025-05-16,2025-06-15,2082.09,416.42,2498.51
INV01040,C0179,2025-12-02,2026-01-01,2300.05,460.01,2760.06
INV01041,C0030,2025-09-19,2025-10-19,3750.4,750.08,4500.48
INV01042,C0119,2024-07-28,2024-08-27,3855.69,771.14,4626.83
INV01043,C0240,2024-02-26,2024-03-27,414.96,82.99,497.95
INV01044,C0050,2024-06-21,2024-07-21,1634.23,326.85,1961.08
INV01045,C0180,2024-04-13,2024-05-13,2820.56,564.11,3384.67
INV01046,C0011,2025-09-08,2025-10-08,5169.52,1033.9,6203.42
INV01047,C0194,2025-10-07,2025-11-06,1234.77,246.95,1481.72
INV01048,C0160,2024-09-02,2024-10-02,3767.38,753.48,4520.86
INV01049,C0140,2025-11-18,2025-12-18,1685.99,337.2,2023.19
INV01050,C0050,2024-12-24,2025-01-23,159.03,31.81,190.84
INV01051,C0038,2024-05-10,2024-06-09,3253.22,650.64,3903.86
INV01052,C0095,2024-09-23,2024-10-23,101.01,20.2,121.21
INV01053,C0107,2025-07-15,2025-08-14,2737.06,547.41,3284.47
INV01054,C0179,2024-11-26,2024-12-26,2186.11,437.22,2623.33
INV01055,C0040,2025-06-24,2025-07-24,3401.3,680.26,4081.56
INV01056,C0128,2025-11-15,2025-12-15,1677.82,335.56,2013.38
INV01057,C0066,2025-07-24,2025-08-23,4629.67,925.93,5555.6
INV01058,C0040,2025-09-18,2025-10-18,1485.43,297.09,1782.52
INV01059,C0040,2024-09-15,2024-10-15,2764.44,552.89,3317.33
INV01060,C0121,2024-04-04,2024-05-04,594.15,118.83,712.98
INV01061,C0223,2024-12-23,2025-01-22,4737.12,947.42,5684.54
INV01062,C0228,2025-02-23,2025-03-25,503.42,100.68,604.1
INV01063,C0034,2024-05-08,2024-06-07,4640.2,928.04,5568.24
INV01064,C0014,2024-10-19,2024-11-18,3605.35,721.07,4326.42
INV01065,C0161,2024-06-08,2024-07-08,1662.81,332.56,1995.37
INV01066,C0119,2024-08-15,2024-09-14,3501.81,700.36,4202.17
INV01067,C0125,2025-08-26,2025-09-25,3101.82,620.36,3722.18
INV01068,C0121,2025-08-19,2025-09-18,795.17,159.03,954.2
INV01069,C0170,2024-07-29,2024-08-28,1273.09,254.62,1527.71
INV01070,C0046,2024-11-26,2024-12-26,526.38,105.28,631.66
INV01071,C0044,2025-06-07,2025-07-07,3524.1,704.82,4228.92
INV01072,C0179,2025-02-19,2025-03-21,411.57,82.31,493.88
INV01073,C0202,2025-11-23,2025-12-23,3971.68,794.34,4766.02
INV01074,C0187,2024-07-31,2024-08-30,3290.08,658.02,3948.1
INV01075,C0202,2024-06-23,2024-07-23,3778.48,755.7,4534.18
INV01076,C0219,2025-04-06,2025-05-06,2994.41,598.88,3593.29
INV01077,C0084,2025-04-22,2025-05-22,3081.99,616.4,3698.39
INV01078,C0026,2024-07-06,2024-08-05,21.7,4.34,26.04
INV01079,C0164,2025-03-31,2025-04-30,3940.67,788.13,4728.8
INV01080,C0227,2024-12-13,2025-01-12,1920.63,384.13,2304.76
INV01081,C0187,2024-05-04,2024-06-03,4981.11,996.22,5977.33
INV01082,C0226,2025-03-15,2025-04-14,2835.95,567.19,3403.14
INV01083,C0120,2025-12-21,2026-01-20,2026.82,405.36,2432.18
INV01084,C0204,2025-01-19,2025-02-18,3521.17,704.23,4225.4
INV01085,C0211,2025-07-31,2025-08-30,4775.9,955.18,5731.08
INV01086,C0226,2024-11-14,2024-12-14,5114.41,1022.88,6137.29
INV01087,C0121,2025-02-01,2025-03-03,3235.01,647.0,3882.01
INV01088,C0217,2024-05-26,2024-06-25,2373.48,474.7,2848.18
INV01089,C0109,2024-08-31,2024-09-30,5310.91,1062.18,6373.09
INV01090,C0108,2024-09-06,2024-10-06,1365.36,273.07,1638.43
INV01091,C0109,2025-04-11,2025-05-11,3020.07,604.01,3624.08
INV01092,C0064,2025-10-16,2025-11-15,3360.28,672.06,4032.34
INV01093,C0062,2025-01-10,2025-02-09,2714.42,542.88,3257.3
INV01094,C0161,2024-05-29,2024-06-28,72.33,14.47,86.8
INV01095,C0145,2024-11-04,2024-12-04,5852.94,1170.59,7023.53
INV01096,C0109,2024-05-03,2024-06-02,4386.39,877.28,5263.67
INV01097,C0003,2025-07-21,2025-08-20,662.63,132.53,795.16
INV01098,C0053,2024-09-28,2024-10-28,2037.52,407.5,2445.02
INV01099,C0222,2024-08-12,2024-09-11,7682.81,1536.56,9219.37
INV01100,C0025,2024-09-12,2024-10-12,1358.53,271.71,1630.24
INV01101,C0094,2025-09-27,2025-10-27,683.37,136.67,820.04
INV01102,C0015,2025-07-04,2025-08-03,387.24,77.45,464.69
INV01103,C0108,2025-09-19,2025-10-19,2965.76,593.15,3558.91
INV01104,C0160,2024-08-30,2024-09-29,2526.18,505.24,3031.42
INV01105,C0202,2024-08-14,2024-09-13,298.11,59.62,357.73
INV01106,C0179,2024-09-27,2024-10-27,2445.4,489.08,2934.48
INV01107,C0006,2025-07-05,2025-08-04,955.47,191.09,1146.56
INV01108,C0102,2024-01-20,2024-02-19,5700.28,1140.06,6840.34
INV01109,C0164,2025-06-07,2025-07-07,3894.34,778.87,4673.21
INV01110,C0195,2025-02-06,2025-03-08,2253.81,450.76,2704.57
INV01111,C0168,2025-06-13,2025-07-13,332.95,66.59,399.54
INV01112,C0209,2024-10-16,2024-11-15,1347.67,269.53,1617.2
INV01113,C0121,2025-02-28,2025-03-30,3013.55,602.71,3616.26
INV01114,C0226,2025-11-13,2025-12-13,4350.75,870.15,5220.9
INV01115,C0102,2024-07-02,2024-08-01,3220.17,644.03,3864.2
INV01116,C0102,2025-06-14,2025-07-14,441.84,88.37,530.21
INV01117,C0108,2025-01-08,2025-02-07,4069.49,813.9,4883.39
INV01118,C0035,2024-05-30,2024-06-29,3018.32,603.66,3621.98
INV01119,C0034,2025-11-26,2025-12-26,2560.98,512.2,3073.18
INV01120,C0231,2024-05-08,2024-06-07,5041.21,1008.24,6049.45
INV01121,C0202,2025-06-19,2025-07-19,3303.67,660.73,3964.4
INV01122,C0168,2024-05-07,2024-06-06,1940.96,388.19,2329.15
INV01123,C0144,2024-11-11,2024-12-11,2687.88,537.58,3225.46
INV01124,C0203,2024-11-11,2024-12-11,1694.67,338.93,2033.6
INV01125,C0035,2024-07-04,2024-08-03,5728.6,1145.72,6874.32
INV01126,C0133,2025-08-01,2025-08-31,2066.29,413.26,2479.55
INV01127,C0035,2024-08-07,2024-09-06,4537.14,907.43,5444.57
INV01128,C0021,2025-11-02,2025-12-02,2066.71,413.34,2480.05
INV01129,C0235,2024-06-21,2024-07-21,646.25,129.25,775.5
INV01130,C0019,2025-07-02,2025-08-01,6496.44,1299.29,7795.73
INV01131,C0174,2024-01-16,2024-02-15,3344.27,668.85,4013.12
INV01132,C0096,2025-08-19,2025-09-18,5255.3,1051.06,6306.36
INV01133,C0109,2025-03-17,2025-04-16,1648.29,329.66,1977.95
INV01134,C0109,2024-12-21,2025-01-20,4557.86,911.57,5469.43
INV01135,C0045,2025-05-30,2025-06-29,4541.53,908.31,5449.84
INV01136,C0228,2024-06-03,2024-07-03,3431.89,686.38,4118.27
INV01137,C0140,2025-03-25,2025-04-24,2199.94,439.99,2639.93
INV01138,C0116,2024-10-23,2024-11-22,2438.17,487.63,2925.8
INV01139,C0046,2025-06-20,2025-07-20,4770.09,954.02,5724.11
INV01140,C0175,2025-09-27,2025-10-27,1828.25,365.65,2193.9
INV01141,C0227,2025-08-08,2025-09-07,1112.41,222.48,1334.89
INV01142,C0109,2025-02-22,2025-03-24,2752.66,550.53,3303.19
INV01143,C0233,2024-01-27,2024-02-26,1677.82,335.56,2013.38
INV01144,C0192,2025-01-15,2025-02-14,2543.85,508.77,3052.62
INV01145,C0022,2025-06-09,2025-07-09,3555.27,711.05,4266.32
INV01146,C0084,2024-07-05,2024-08-04,3351.94,670.39,4022.33
INV01147,C0167,2025-11-11,2025-12-11,3041.38,608.28,3649.66
INV01148,C0109,2024-10-26,2024-11-25,177.74,35.55,213.29
INV01149,C0223,2025-07-08,2025-08-07,391.77,78.35,470.12
INV01150,C0098,2024-10-09,2024-11-08,515.55,103.11,618.66
INV01151,C0099,2024-11-09,2024-12-09,2021.2,404.24,2425.44
INV01152,C0062,2024-12-14,2025-01-13,407.01,81.4,488.41
INV01153,C0048,2025-11-07,2025-12-07,3233.42,646.68,3880.1
INV01154,C0142,2025-09-04,2025-10-04,2295.4,459.08,2754.48
INV01155,C0233,2024-02-08,2024-03-09,6491.96,1298.39,7790.35
INV01156,C0047,2024-08-25,2024-09-24,313.43,62.69,376.12
INV01157,C0195,2024-04-10,2024-05-10,2067.39,413.48,2480.87
INV01158,C0240,2025-02-19,2025-03-21,2231.18,446.24,2677.42
INV01159,C0099,2025-07-17,2025-08-16,2664.07,532.81,3196.88
INV01160,C0012,2024-10-27,2024-11-26,340.41,68.08,408.49
INV01161,C0096,2024-10-02,2024-11-01,2649.2,529.84,3179.04
INV01162,C0179,2025-08-11,2025-09-10,2477.91,495.58,2973.49
INV01163,C0102,2024-03-16,2024-04-15,2661.1,532.22,3193.32
INV01164,C0137,2024-04-15,2024-05-15,804.9,160.98,965.88
INV01165,C0034,2025-11-22,2025-12-22,5137.46,1027.49,6164.95
INV01166,C0061,2025-04-21,2025-05-21,2644.15,528.83,3172.98
INV01167,C0164,2024-05-05,2024-06-04,1934.72,386.94,2321.66
INV01168,C0050,2024-06-21,2024-07-21,281.32,56.26,337.58
INV01169,C0119,2025-07-26,2025-08-25,3401.3,680.26,4081.56
INV01170,C0161,2025-06-20,2025-07-20,2631.8,526.36,3158.16
INV01171,C0179,2025-03-08,2025-04-07,1224.47,244.89,1469.36
INV01172,C0170,2025-03-26,2025-04-25,3588.9,717.78,4306.68
INV01173,C0085,2024-05-10,2024-06-09,1221.03,244.21,1465.24
INV01174,C0249,2025-03-14,2025-04-13,1283.75,256.75,1540.5
INV01175,C0008,2024-03-11,2024-04-10,6071.39,1214.28,7285.67
INV01176,C0124,2024-11-11,2024-12-11,4229.08,845.82,5074.9
INV01177,C0039,2025-08-05,2025-09-04,2721.04,544.21,3265.25
INV01178,C0207,2024-09-08,2024-10-08,1289.99,258.0,1547.99
INV01179,C0161,2024-01-24,2024-02-23,776.7,155.34,932.04
INV01180,C0160,2025-10-19,2025-11-18,3837.55,767.51,4605.06
INV01181,C0236,2025-04-15,2025-05-15,716.66,143.33,859.99
INV01182,C0025,2024-04-21,2024-05-21,2775.95,555.19,3331.14
INV01183,C0225,2025-01-05,2025-02-04,759.3,151.86,911.16
INV01184,C0140,2024-12-19,2025-01-18,1556.34,311.27,1867.61
INV01185,C0065,2025-02-07,2025-03-09,1605.35,321.07,1926.42
INV01186,C0153,2024-06-08,2024-07-08,2453.32,490.66,2943.98
INV01187,C0026,2025-02-07,2025-03-09,1819.64,363.93,2183.57
INV01188,C0165,2025-02-23,2025-03-25,2590.66,518.13,3108.79
INV01189,C0239,2025-06-29,2025-07-29,1848.6,369.72,2218.32
INV01190,C0112,2025-06-02,2025-07-02,1326.19,265.24,1591.43
INV01191,C0167,2025-07-02,2025-08-01,356.49,71.3,427.79
INV01192,C0168,2025-10-22,2025-11-21,4079.44,815.89,4895.33
INV01193,C0202,2024-05-29,2024-06-28,4752.24,950.45,5702.69
INV01194,C0210,2024-03-21,2024-04-20,1914.04,382.81,2296.85
INV01195,C0079,2024-07-19,2024-08-18,542.68,108.54,651.22
INV01196,C0005,2025-05-27,2025-06-26,4157.85,831.57,4989.42
INV01197,C0119,2024-05-20,2024-06-19,1831.57,366.31,2197.88
INV01198,C0133,2024-05-04,2024-06-03,1933.33,386.67,2320.0
INV01199,C0053,2025-05-27,2025-06-26,1913.24,382.65,2295.89
INV01200,C0050,2024-10-28,2024-11-27,1920.63,384.13,2304.76
