payment_id,invoice_id,payment_date,payment_method,amount_paid
PAY000001,INV00001,2024-05-13,Credit Card,1698.88
PAY000002,INV00002,2025-10-09,Credit Card,2588.16
PAY000003,INV00003,2025-03-20,Cash,1066.82
PAY000004,INV00004,2024-10-02,Cash,1514.51
PAY000005,INV00005,2025-09-18,Credit Card,1159.07
PAY000006,INV00006,2025-02-02,,79.91
PAY000007,INV00007,2025-04-23,Bank Transfer,1180.3
PAY000008,INV00008,2025-02-24,Credit Card,3188.3
PAY000009,INV00009,2025-07-14,Cash,4433.9
PAY000010,INV00010,2026-01-18,Credit Card,5014.08
PAY000011,INV00011,2024-03-23,Bank Transfer,1058.92
PAY000012,INV00012,2024-04-28,Cash,1145.54
PAY000013,INV00012,2024-05-08,Cash,905.51
PAY000014,INV00013,2025-10-18,Credit Card,3268.8
PAY000015,INV00014,2024-03-16,Credit Card,2193.9
PAY000016,INV00015,2024-09-24,Cash,1799.52
PAY000017,INV00015,2024-10-30,Credit Card,1191.17
PAY000018,INV00017,2024-10-02,Bank Transfer,7610.21
PAY000019,INV00018,2026-01-22,Credit Card,4081.56
PAY000020,INV00019,2024-12-04,Credit Card,4696.18
PAY000021,INV00020,2024-10-27,Cash,815.41
PAY000022,INV00022,2024-05-06,Credit Card,7295.33
PAY000023,INV00023,2024-02-22,Cash,2932.27
PAY000024,INV00023,2024-02-25,Bank Transfer,1345.72
PAY000025,INV00024,2025-12-29,Bank Transfer,4824.71
PAY000026,INV00025,2024-05-23,Credit Card,218.71
PAY000027,INV00025,2024-04-26,Credit Card,487.74
PAY000028,INV00026,2025-03-21,Credit Card,1755.12
PAY000029,INV00029,2025-01-25,Cash,811.12
PAY000030,INV00030,2025-08-09,Credit Card,1983.67
PAY000031,INV00031,2024-08-04,Cash,1420.86
PAY000032,INV00032,2024-10-20,Bank Transfer,9932.93
PAY000033,INV00033,2024-10-02,Cash,1671.6
PAY000034,INV00035,2024-07-25,Bank Transfer,1931.75
PAY000035,INV00036,2024-05-25,Bank Transfer,2145.05
PAY000036,INV00037,2024-04-13,Bank Transfer,4120.94
PAY000037,INV00038,2024-05-18,Credit Card,4974.17
PAY000038,INV00039,2025-02-19,Cash,5772.07
PAY000039,INV00040,2025-02-17,Credit Card,4461.22
PAY000040,INV00041,2025-05-22,Bank Transfer,4394.51
PAY000041,INV00042,2024-04-04,Bank Transfer,3245.14
PAY000042,INV00043,2025-11-24,Bank Transfer,911.16
PAY000043,INV00044,2024-07-04,Credit Card,2515.87
PAY000044,INV00045,2025-07-11,Bank Transfer,1096.49
PAY000045,INV00046,2024-09-23,Cash,1177.97
PAY000046,INV00047,2024-08-30,Credit Card,2529.42
PAY000047,INV00048,2025-07-03,Cash,1709.87
PAY000048,INV00049,2025-03-29,Credit Card,2461.39
PAY000049,INV00050,2024-11-22,Bank Transfer,826.66
PAY000050,INV00050,2024-12-31,Bank Transfer,965.94
PAY000051,INV00051,2025-07-10,Bank Transfer,3032.65
PAY000052,INV00052,2025-04-02,Cash,2604.23
PAY000053,INV00053,2025-09-10,Credit Card,6872.69
PAY000054,INV00054,2024-05-23,Bank Transfer,397.55
PAY000055,INV00055,2025-12-29,Bank Transfer,1045.84
PAY000056,INV00056,2024-07-08,Bank Transfer,5476.6
PAY000057,INV00057,2024-04-17,Bank Transfer,633.28
PAY000058,INV00058,2025-04-01,Cash,2997.1
PAY000059,INV00058,2025-04-20,Bank Transfer,2071.14
PAY000060,INV00059,2025-11-21,Cash,7649.9
PAY000061,INV00060,2025-09-16,Credit Card,3265.25
PAY000062,INV00062,2024-10-03,Credit Card,4117.86
PAY000063,INV00063,2026-01-22,Credit Card,3111.58
PAY000064,INV00064,2025-01-22,Credit Card,1373.56
PAY000065,INV00065,2024-07-31,Cash,553.54
PAY000066,INV00066,2025-10-01,Credit Card,666.23
PAY000067,INV00067,2025-06-28,Cash,408.49
PAY000068,INV00068,2024-04-07,Bank Transfer,1922.35
PAY000069,INV00070,2024-02-27,Credit Card,2650.81
PAY000070,INV00071,2025-10-31,Cash,3408.23
PAY000071,INV00072,2024-12-25,Credit Card,293.05
PAY000072,INV00073,2025-10-15,Credit Card,3261.64
PAY000073,INV00074,2025-12-17,Cash,513.35
PAY000074,INV00075,2024-12-20,Credit Card,2531.56
PAY000075,INV00076,2026-01-02,Cash,2726.46
PAY000076,INV00077,2025-07-28,Bank Transfer,543.69
PAY000077,INV00077,2025-07-18,Bank Transfer,588.45
PAY000078,INV00078,2025-04-20,Bank Transfer,1316.34
PAY000079,INV00079,2025-03-16,Credit Card,3008.82
PAY000080,INV00080,2024-08-16,Credit Card,6295.68
PAY000081,INV00081,2025-03-20,Bank Transfer,219.12
PAY000082,INV00081,2025-03-24,Credit Card,106.38
PAY000083,INV00082,2024-08-07,Bank Transfer,3562.85
PAY000084,INV00083,2024-10-02,Cash,559.62
PAY000085,INV00084,2024-12-02,Cash,2072.96
PAY000086,INV00085,2025-02-21,Credit Card,2643.69
PAY000087,INV00086,2024-11-29,Credit Card,1934.98
PAY000088,INV00087,2025-12-17,Credit Card,1560.2
PAY000089,INV00088,2025-07-16,Bank Transfer,162.8
PAY000090,INV00089,2024-11-19,Bank Transfer,2159.83
PAY000091,INV00090,2025-04-08,Credit Card,1916.92
PAY000092,INV00092,2024-06-28,Cash,4234.74
PAY000093,INV00093,2025-07-31,Credit Card,2274.8
PAY000094,INV00094,2025-02-21,Credit Card,1150.29
PAY000095,INV00095,2025-12-30,Bank Transfer,2453.96
PAY000096,INV00096,2024-02-17,Bank Transfer,6507.14
PAY000097,INV00097,2025-06-04,Credit Card,3823.01
PAY000098,INV00098,2025-07-24,Cash,632.92
PAY000099,INV00100,2026-02-14,Cash,2350.21
PAY000100,INV00101,2025-02-15,Bank Transfer,2619.3
PAY000101,INV00102,2026-02-15,Cash,331.76
PAY000102,INV00102,2026-01-20,Cash,490.37
PAY000103,INV00103,2025-11-14,Cash,572.52
PAY000104,INV00104,2025-07-11,Credit Card,1927.58
PAY000105,INV00105,2024-07-13,Cash,1180.91
PAY000106,INV00106,2025-07-02,Credit Card,1678.85
PAY000107,INV00107,2024-05-02,Credit Card,4651.2
PAY000108,INV00108,2024-03-05,Cash,3292.24
PAY000109,INV00110,2024-03-27,Cash,4344.82
PAY000110,INV00112,2024-01-29,Cash,898.08
PAY000111,INV00113,2025-05-14,Credit Card,2862.82
PAY000112,INV00114,2024-03-06,Credit Card,4114.33
PAY000113,INV00116,2024-05-11,Bank Transfer,1715.03
PAY000114,INV00117,2024-08-03,Bank Transfer,3126.6
PAY000115,INV00118,2024-09-07,Cash,814.02
PAY000116,INV00118,2024-09-03,Cash,837.3
PAY000117,INV00119,2024-04-03,Cash,2229.51
PAY000118,INV00119,2024-04-11,Bank Transfer,3325.9
PAY000119,INV00120,2024-05-18,Cash,2857.88
PAY000120,INV00121,2024-11-07,Bank Transfer,2792.92
PAY000121,INV00122,2024-09-21,Bank Transfer,162.55
PAY000122,INV00122,2024-10-23,Cash,156.94
PAY000123,INV00123,2025-08-04,Credit Card,5061.84
PAY000124,INV00124,2025-09-14,Bank Transfer,4675.4
PAY000125,INV00125,2024-06-21,Credit Card,1180.04
PAY000126,INV00125,2024-05-30,Bank Transfer,843.1
PAY000127,INV00126,2025-05-24,Cash,1504.44
PAY000128,INV00127,2026-01-10,Credit Card,817.0
PAY000129,INV00128,2024-08-23,Bank Transfer,2321.23
PAY000130,INV00130,2024-04-29,Bank Transfer,1739.99
PAY000131,INV00131,2025-09-27,Cash,4767.08
PAY000132,INV00132,2024-01-09,Cash,1963.53
PAY000133,INV00133,2024-12-23,Bank Transfer,5818.94
PAY000134,INV00134,2024-03-03,Bank Transfer,1257.84
PAY000135,INV00135,2024-04-24,Bank Transfer,1799.86
PAY000136,INV00137,2025-07-29,Credit Card,3228.01
PAY000137,INV00138,2026-01-15,Credit Card,988.39
PAY000138,INV00139,2025-11-15,Cash,639.88
PAY000139,INV00140,2025-12-21,Cash,2075.45
PAY000140,INV00141,2025-09-02,Credit Card,1609.8
PAY000141,INV00142,2024-03-10,Bank Transfer,3620.39
PAY000142,INV00142,2024-02-25,Cash,6321.48
PAY000143,INV00143,2025-03-27,Credit Card,4768.07
PAY000144,INV00144,2025-08-23,Credit Card,750.89
PAY000145,INV00145,2025-03-26,Credit Card,691.92
PAY000146,INV00146,2025-10-31,Cash,1801.12
PAY000147,INV00147,2024-04-21,Bank Transfer,3532.26
PAY000148,INV00148,2025-12-08,Credit Card,4049.87
PAY000149,INV00150,2025-09-13,Cash,1840.31
PAY000150,INV00151,2025-04-03,Cash,1195.11
PAY000151,INV00151,2025-02-20,Credit Card,612.94
PAY000152,INV00152,2025-04-18,Bank Transfer,5352.0
PAY000153,INV00153,2025-02-07,Credit Card,2244.25
PAY000154,INV00154,2024-04-17,Credit Card,1451.05
PAY000155,INV00155,2025-06-23,Bank Transfer,1264.63
PAY000156,INV00156,2024-04-20,Bank Transfer,2379.35
PAY000157,INV00156,2024-04-19,Credit Card,5285.9
PAY000158,INV00157,2024-04-18,Cash,4355.5
PAY000159,INV00159,2025-12-21,Credit Card,3155.87
PAY000160,INV00159,2025-12-08,Cash,1871.78
PAY000161,INV00160,2024-06-02,Credit Card,1170.75
PAY000162,INV00161,2025-12-22,Bank Transfer,2531.66
PAY000163,INV00162,2025-04-01,Bank Transfer,4011.92
PAY000164,INV00163,2025-08-24,Credit Card,3070.46
PAY000165,INV00164,2024-02-25,Cash,3812.51
PAY000166,INV00165,2024-11-19,Credit Card,2891.34
PAY000167,INV00166,2025-02-16,Credit Card,2184.86
PAY000168,INV00167,2025-08-18,Bank Transfer,2925.86
PAY000169,INV00168,2024-05-24,Bank Transfer,1862.1
PAY000170,INV00170,2024-09-28,Credit Card,706.45
PAY000171,INV00171,2026-01-09,Cash,3206.11
PAY000172,INV00172,2024-10-06,Bank Transfer,675.18
PAY000173,INV00173,2025-03-13,Bank Transfer,1372.25
PAY000174,INV00174,2025-10-21,Bank Transfer,1856.36
PAY000175,INV00175,2025-07-15,Cash,617.41
PAY000176,INV00175,2025-07-17,Credit Card,448.24
PAY000177,INV00176,2025-09-01,Bank Transfer,7186.0
PAY000178,INV00177,2025-10-16,Bank Transfer,651.22
PAY000179,INV00178,2025-01-20,Cash,816.31
PAY000180,INV00180,2024-03-30,Credit Card,7090.2
PAY000181,INV00181,2024-04-24,Bank Transfer,3364.7
PAY000182,INV00182,2025-02-02,Cash,2532.47
PAY000183,INV00183,2026-01-26,Credit Card,3134.72
PAY000184,INV00184,2025-02-12,Credit Card,4421.34
PAY000185,INV00185,2025-03-21,Cash,4588.79
PAY000186,INV00186,2026-01-01,Credit Card,1374.61
PAY000187,INV00187,2024-11-06,Bank Transfer,5414.63
PAY000188,INV00188,2024-10-01,Credit Card,3176.89
PAY000189,INV00189,2026-01-10,Credit Card,1450.64
PAY000190,INV00189,2025-12-23,Credit Card,2350.78
PAY000191,INV00190,2024-12-19,Credit Card,7440.78
PAY000192,INV00191,2025-02-09,Cash,269.85
PAY000193,INV00191,2025-03-12,Cash,590.14
PAY000194,INV00192,2025-10-03,Credit Card,2197.88
PAY000195,INV00193,2025-04-19,Bank Transfer,2139.49
PAY000196,INV00194,2025-12-29,Cash,438.78
PAY000197,INV00195,2024-05-31,Cash,3562.03
PAY000198,INV00196,2024-07-17,Cash,366.99
PAY000199,INV00196,2024-06-28,Bank Transfer,711.43
PAY000200,INV00197,2024-07-21,Bank Transfer,1384.1
PAY000201,INV00198,2025-12-21,Cash,4484.95
PAY000202,INV00199,2025-05-10,Credit Card,1393.21
PAY000203,INV00200,2025-09-08,Credit Card,2922.44
PAY000204,INV00201,2025-09-11,Cash,2591.78
PAY000205,INV00202,2024-07-14,Credit Card,1139.9
PAY000206,INV00203,2025-01-20,Credit Card,231.42
PAY000207,INV00203,2025-01-09,Cash,196.37
PAY000208,INV00204,2024-11-05,Credit Card,503.7
PAY000209,INV00205,2025-04-21,Cash,2166.35
PAY000210,INV00206,2024-10-03,Credit Card,4792.9
PAY000211,INV00207,2025-04-04,Cash,1105.15
PAY000212,INV00208,2024-10-07,Credit Card,1951.94
PAY000213,INV00208,2024-09-08,Bank Transfer,993.4
PAY000214,INV00209,2025-05-09,Cash,4120.43
PAY000215,INV00211,2024-06-08,Bank Transfer,1233.49
PAY000216,INV00212,2024-12-04,Credit Card,3389.34
PAY000217,INV00213,2025-06-19,Bank Transfer,4279.04
PAY000218,INV00214,2025-08-08,Bank Transfer,698.53
PAY000219,INV00214,2025-09-24,Credit Card,785.44
PAY000220,INV00215,2024-03-12,Bank Transfer,1518.55
PAY000221,INV00216,2024-12-06,Cash,6459.67
PAY000222,INV00217,2024-05-27,Bank Transfer,2656.69
PAY000223,INV00217,2024-04-03,Cash,1217.47
PAY000224,INV00218,2024-03-28,Credit Card,1326.58
PAY000225,INV00218,2024-02-19,Bank Transfer,995.85
PAY000226,INV00219,2025-11-21,Cash,7388.9
PAY000227,INV00220,2024-04-26,Credit Card,1199.9
PAY000228,INV00221,2025-05-31,Bank Transfer,1803.2
PAY000229,INV00221,2025-06-09,Bank Transfer,2060.67
PAY000230,INV00222,2026-01-29,Cash,877.56
PAY000231,INV00223,2024-04-19,Cash,3028.69
PAY000232,INV00224,2024-06-27,Credit Card,3469.33
PAY000233,INV00225,2024-12-19,Bank Transfer,580.0
PAY000234,INV00226,2024-07-29,Cash,137.39
PAY000235,INV00227,2025-04-08,Credit Card,2060.95
PAY000236,INV00228,2024-08-18,Credit Card,2162.33
PAY000237,INV00229,2024-06-20,Cash,1749.38
PAY000238,INV00230,2024-06-20,Bank Transfer,1601.02
PAY000239,INV00231,2024-03-09,Cash,7076.39
PAY000240,INV00232,2025-12-19,Credit Card,2177.73
PAY000241,INV00232,2025-12-02,Cash,1529.2
PAY000242,INV00233,2024-03-12,Bank Transfer,2624.75
PAY000243,INV00234,2024-07-02,Bank Transfer,3408.25
PAY000244,INV00235,2025-10-23,Bank Transfer,1375.77
PAY000245,INV00235,2025-09-15,Bank Transfer,1979.87
PAY000246,INV00236,2024-06-16,Credit Card,1607.45
PAY000247,INV00237,2024-06-18,Bank Transfer,3480.9
PAY000248,INV00238,2024-07-06,Bank Transfer,654.97
PAY000249,INV00239,2024-10-02,Credit Card,651.16
PAY000250,INV00239,2024-10-24,Credit Card,1131.52
PAY000251,INV00240,2025-06-06,Bank Transfer,2839.23
PAY000252,INV00240,2025-05-12,Cash,3129.2
PAY000253,INV00241,2024-05-25,Bank Transfer,452.16
PAY000254,INV00241,2024-04-15,Cash,918.38
PAY000255,INV00242,2025-10-15,Credit Card,2330.51
PAY000256,INV00243,2025-02-24,Bank Transfer,7431.54
PAY000257,INV00244,2024-09-20,Cash,2986.02
PAY000258,INV00245,2025-12-22,Bank Transfer,3998.62
PAY000259,INV00246,2024-03-15,Bank Transfer,3521.1
PAY000260,INV00246,2024-05-11,Bank Transfer,2223.76
PAY000261,INV00247,2025-11-13,Bank Transfer,1550.99
PAY000262,INV00248,2024-04-01,Cash,3336.54
PAY000263,INV00249,2025-08-31,Cash,1143.35
PAY000264,INV00250,2025-03-11,Credit Card,835.27
PAY000265,INV00250,2025-02-11,Credit Card,700.13
PAY000266,INV00251,2025-08-20,Credit Card,4315.38
PAY000267,INV00252,2024-12-25,Bank Transfer,8249.98
PAY000268,INV00253,2025-02-24,Cash,5133.06
PAY000269,INV00254,2025-01-17,Bank Transfer,342.64
PAY000270,INV00255,2025-09-12,Credit Card,4240.2
PAY000271,INV00256,2026-01-30,Credit Card,2305.93
PAY000272,INV00256,2026-01-13,Credit Card,1893.73
PAY000273,INV00258,2025-08-16,Credit Card,5285.63
PAY000274,INV00259,2024-08-10,Cash,376.12
PAY000275,INV00260,2025-10-24,Cash,4657.43
PAY000276,INV00260,2025-12-11,Bank Transfer,2532.37
PAY000277,INV00261,2026-01-02,Bank Transfer,5485.2
PAY000278,INV00262,2024-10-09,Bank Transfer,2144.77
PAY000279,INV00263,2026-01-21,Cash,612.28
PAY000280,INV00264,2025-12-04,Bank Transfer,3079.01
PAY000281,INV00265,2024-06-21,Credit Card,2588.68
PAY000282,INV00266,2024-12-05,Cash,576.22
PAY000283,INV00267,2025-11-15,Bank Transfer,364.46
PAY000284,INV00268,2024-05-11,Bank Transfer,2937.76
PAY000285,INV00269,2024-07-27,Bank Transfer,162.8
PAY000286,INV00270,2025-03-12,Cash,1198.91
PAY000287,INV00271,2025-02-04,Bank Transfer,2918.48
PAY000288,INV00272,2024-08-10,Credit Card,3860.01
PAY000289,INV00273,2025-09-12,Cash,1233.48
PAY000290,INV00273,2025-08-15,Cash,1853.56
PAY000291,INV00274,2024-06-29,Bank Transfer,7286.36
PAY000292,INV00275,2025-10-23,Bank Transfer,159.41
PAY000293,INV00275,2025-11-09,Bank Transfer,216.71
PAY000294,INV00276,2025-07-22,Bank Transfer,503.44
PAY000295,INV00276,2025-09-05,Credit Card,871.95
PAY000296,INV00277,2024-09-12,Credit Card,2583.6
PAY000297,INV00278,2024-11-24,Bank Transfer,4890.31
PAY000298,INV00279,2025-11-13,Bank Transfer,845.29
PAY000299,INV00280,2024-02-10,Credit Card,706.45
PAY000300,INV00281,2025-08-21,Bank Transfer,224.52
PAY000301,INV00283,2025-05-13,Cash,3613.26
PAY000302,INV00284,2024-05-15,Credit Card,3737.59
PAY000303,INV00285,2025-05-20,Credit Card,3919.67
PAY000304,INV00286,2024-03-09,Cash,5067.26
PAY000305,INV00287,2024-09-25,Credit Card,951.64
PAY000306,INV00288,2025-11-16,Cash,1943.34
PAY000307,INV00289,2024-06-14,Cash,3662.23
PAY000308,INV00290,2025-04-23,Bank Transfer,5023.43
PAY000309,INV00291,2024-11-15,Cash,2887.75
PAY000310,INV00292,2025-06-23,Credit Card,4199.71
PAY000311,INV00293,2024-06-23,Credit Card,49.19
PAY000312,INV00294,2024-04-14,Cash,1880.54
PAY000313,INV00295,2024-03-15,Bank Transfer,673.56
PAY000314,INV00296,2025-12-15,Cash,271.21
PAY000315,INV00296,2025-11-13,Cash,435.24
PAY000316,INV00299,2026-02-22,Bank Transfer,1332.46
PAY000317,INV00300,2024-09-11,Credit Card,1798.81
PAY000318,INV00301,2025-12-01,Credit Card,7778.93
PAY000319,INV00303,2026-01-02,Bank Transfer,3186.29
PAY000320,INV00304,2024-07-25,Credit Card,2432.44
PAY000321,INV00305,2024-06-06,Bank Transfer,964.8
PAY000322,INV00306,2025-12-18,Credit Card,484.82
PAY000323,INV00307,2025-12-07,Credit Card,1843.62
PAY000324,INV00308,2025-09-04,Cash,420.01
PAY000325,INV00309,2024-12-15,Cash,4961.96
PAY000326,INV00310,2024-06-03,Cash,3712.66
PAY000327,INV00310,2024-05-19,Credit Card,2672.37
PAY000328,INV00311,2025-04-19,Credit Card,1215.99
PAY000329,INV00311,2025-03-28,Credit Card,2049.26
PAY000330,INV00312,2026-01-24,Bank Transfer,518.94
PAY000331,INV00313,2024-05-22,Credit Card,57.86
PAY000332,INV00314,2024-09-24,Bank Transfer,3453.43
PAY000333,INV00315,2024-09-19,Credit Card,404.59
PAY000334,INV00316,2024-10-03,Bank Transfer,5752.28
PAY000335,INV00317,2024-08-08,Cash,1534.15
PAY000336,INV00317,2024-08-20,Bank Transfer,1844.29
PAY000337,INV00318,2025-09-18,Bank Transfer,5589.54
PAY000338,INV00319,2025-02-14,Credit Card,298.6
PAY000339,INV00320,2025-09-01,Bank Transfer,794.0
PAY000340,INV00321,2025-06-16,Credit Card,3331.14
PAY000341,INV00322,2024-02-13,Credit Card,3331.14
PAY000342,INV00323,2025-03-11,Cash,5114.1
PAY000343,INV00324,2024-09-20,Credit Card,5369.63
PAY000344,INV00325,2025-02-14,Bank Transfer,3306.1
PAY000345,INV00326,2025-05-18,Bank Transfer,321.96
PAY000346,INV00327,2025-03-30,Bank Transfer,2654.12
PAY000347,INV00328,2024-10-15,Cash,399.54
PAY000348,INV00329,2024-10-14,Bank Transfer,6180.07
PAY000349,INV00330,2025-02-06,Credit Card,2389.45
PAY000350,INV00331,2025-06-17,Bank Transfer,3114.91
PAY000351,INV00332,2024-01-29,Cash,9595.78
PAY000352,INV00333,2025-02-20,Cash,2236.8
PAY000353,INV00334,2025-11-24,Cash,895.79
PAY000354,INV00335,2024-02-10,Cash,404.41
PAY000355,INV00335,2024-03-01,Credit Card,641.79
PAY000356,INV00336,2024-08-12,Bank Transfer,71.92
PAY000357,INV00337,2025-01-07,Cash,3954.89
PAY000358,INV00338,2024-03-16,Credit Card,1677.4
PAY000359,INV00338,2024-03-09,Cash,1978.8
PAY000360,INV00339,2025-03-31,Credit Card,226.55
PAY000361,INV00339,2025-02-07,Cash,466.17
PAY000362,INV00340,2024-08-08,Bank Transfer,308.38
PAY000363,INV00343,2025-06-12,Credit Card,4906.72
PAY000364,INV00344,2024-12-04,Bank Transfer,488.41
PAY000365,INV00345,2024-06-28,Credit Card,297.9
PAY000366,INV00345,2024-06-17,Bank Transfer,661.56
PAY000367,INV00346,2024-06-16,Credit Card,4242.25
PAY000368,INV00347,2024-06-15,Bank Transfer,991.16
PAY000369,INV00348,2025-07-04,Credit Card,4316.28
PAY000370,INV00349,2024-04-05,Bank Transfer,1421.42
PAY000371,INV00350,2025-06-02,Bank Transfer,2713.87
PAY000372,INV00351,2024-07-19,Bank Transfer,3545.33
PAY000373,INV00353,2025-09-19,Cash,3218.03
PAY000374,INV00355,2025-06-22,Credit Card,3008.82
PAY000375,INV00356,2024-11-13,Bank Transfer,1513.51
PAY000376,INV00356,2024-11-12,Bank Transfer,2159.35
PAY000377,INV00357,2024-04-18,Bank Transfer,2323.66
PAY000378,INV00357,2024-05-02,Credit Card,1496.74
PAY000379,INV00358,2025-08-09,Cash,2827.51
PAY000380,INV00359,2025-05-03,Cash,7385.86
PAY000381,INV00360,2024-12-13,Cash,4231.28
PAY000382,INV00361,2025-02-11,Bank Transfer,160.9
PAY000383,INV00362,2024-11-02,Credit Card,4505.52
PAY000384,INV00363,2025-05-30,Cash,732.61
PAY000385,INV00364,2026-02-17,Cash,1152.37
PAY000386,INV00365,2025-08-29,Bank Transfer,1681.74
PAY000387,INV00366,2025-04-24,Credit Card,583.68
PAY000388,INV00367,2025-07-18,Bank Transfer,2393.57
PAY000389,INV00368,2024-05-15,Cash,4094.86
PAY000390,INV00369,2025-10-23,Bank Transfer,3889.49
PAY000391,INV00370,2025-03-20,Bank Transfer,1366.49
PAY000392,INV00371,2025-10-24,Credit Card,1022.86
PAY000393,INV00372,2025-09-27,Credit Card,948.9
PAY000394,INV00373,2024-03-10,Bank Transfer,5221.64
PAY000395,INV00374,2025-08-06,Credit Card,5614.28
PAY000396,INV00375,2025-08-17,Credit Card,2848.28
PAY000397,INV00376,2024-02-02,Credit Card,521.21
PAY000398,INV00377,2025-08-01,Cash,2362.65
PAY000399,INV00377,2025-08-03,Credit Card,2773.77
PAY000400,INV00378,2024-06-30,Credit Card,3183.38
PAY000401,INV00379,2024-12-04,Cash,78.12
PAY000402,INV00380,2024-03-23,Credit Card,1342.26
PAY000403,INV00381,2024-12-01,Bank Transfer,4370.33
PAY000404,INV00382,2024-05-11,Bank Transfer,3287.42
PAY000405,INV00383,2025-04-24,Bank Transfer,215.75
PAY000406,INV00384,2025-03-30,Credit Card,1805.48
PAY000407,INV00385,2026-01-26,Cash,5736.19
PAY000408,INV00386,2024-07-12,Cash,2268.52
PAY000409,INV00387,2024-08-10,Bank Transfer,2628.71
PAY000410,INV00388,2024-12-16,Credit Card,4607.6
PAY000411,INV00389,2025-01-29,Credit Card,3048.89
PAY000412,INV00390,2024-10-23,Cash,2886.59
PAY000413,INV00391,2025-03-22,Bank Transfer,1489.01
PAY000414,INV00392,2025-09-11,Cash,5819.06
PAY000415,INV00393,2024-05-01,Credit Card,2999.82
PAY000416,INV00394,2025-08-07,Cash,2432.52
PAY000417,INV00395,2025-01-16,Credit Card,4019.16
PAY000418,INV00396,2024-10-13,Credit Card,2011.36
PAY000419,INV00397,2025-06-20,Cash,5852.15
PAY000420,INV00398,2026-01-23,Credit Card,2144.53
PAY000421,INV00399,2025-11-07,Bank Transfer,1506.83
PAY000422,INV00400,2024-07-28,Credit Card,4213.39
PAY000423,INV00401,2025-12-05,Cash,3559.14
PAY000424,INV00402,2025-06-19,Credit Card,2695.85
PAY000425,INV00403,2026-02-11,Cash,4926.05
PAY000426,INV00404,2025-11-30,Bank Transfer,2042.48
PAY000427,INV00405,2024-04-26,Credit Card,1053.86
PAY000428,INV00406,2025-04-07,Cash,2279.82
PAY000429,INV00407,2025-11-08,Bank Transfer,2994.09
PAY000430,INV00408,2024-08-23,Credit Card,1492.94
PAY000431,INV00409,2025-10-20,Credit Card,2251.76
PAY000432,INV00410,2025-02-23,Bank Transfer,1122.13
PAY000433,INV00411,2024-08-11,Credit Card,359.59
PAY000434,INV00412,2025-01-31,Credit Card,7263.61
PAY000435,INV00413,2024-09-26,Cash,1359.23
PAY000436,INV00413,2024-10-20,Cash,2255.37
PAY000437,INV00414,2024-07-02,Cash,264.58
PAY000438,INV00414,2024-07-28,Cash,410.6
PAY000439,INV00415,2024-05-30,Bank Transfer,5186.7
PAY000440,INV00416,2025-12-01,Bank Transfer,3475.66
PAY000441,INV00417,2025-01-30,Bank Transfer,743.18
PAY000442,INV00418,2025-11-24,Cash,3913.85
PAY000443,INV00419,2026-01-04,Bank Transfer,3174.13
PAY000444,INV00420,2025-11-23,Cash,2510.76
PAY000445,INV00421,2025-08-30,Bank Transfer,518.94
PAY000446,INV00422,2025-06-18,Bank Transfer,1918.53
PAY000447,INV00422,2025-06-10,Cash,859.4
PAY000448,INV00423,2024-05-28,Cash,2129.28
PAY000449,INV00424,2024-02-27,Bank Transfer,1393.34
PAY000450,INV00425,2024-04-04,Bank Transfer,1785.1
PAY000451,INV00425,2024-04-26,Credit Card,856.33
PAY000452,INV00426,2024-09-20,Cash,482.26
PAY000453,INV00427,2024-02-12,Cash,4689.4
PAY000454,INV00428,2025-07-27,Bank Transfer,3441.16
PAY000455,INV00429,2024-09-26,Credit Card,2945.34
PAY000456,INV00430,2025-06-08,Cash,342.64
PAY000457,INV00431,2024-12-09,Credit Card,1164.96
PAY000458,INV00432,2024-09-08,Cash,1676.17
PAY000459,INV00433,2024-11-20,Cash,1355.74
PAY000460,INV00434,2024-09-02,Bank Transfer,768.32
PAY000461,INV00435,2024-04-13,Credit Card,712.98
PAY000462,INV00436,2025-03-07,Bank Transfer,911.16
PAY000463,INV00437,2025-10-02,Cash,8006.65
PAY000464,INV00438,2024-08-28,Credit Card,111.5
PAY000465,INV00438,2024-08-25,Cash,60.02
PAY000466,INV00439,2025-11-06,Bank Transfer,7106.34
PAY000467,INV00440,2025-04-29,Bank Transfer,3183.52
PAY000468,INV00441,2026-01-03,Bank Transfer,2886.59
PAY000469,INV00442,2024-02-18,Bank Transfer,3577.38
PAY000470,INV00443,2025-12-07,Cash,3331.08
PAY000471,INV00444,2024-08-15,Cash,408.49
PAY000472,INV00445,2025-06-21,Bank Transfer,598.31
PAY000473,INV00445,2025-05-23,Bank Transfer,524.29
PAY000474,INV00446,2025-08-11,Bank Transfer,6354.51
PAY000475,INV00447,2024-11-23,Cash,1634.49
PAY000476,INV00447,2024-11-02,Cash,1834.74
PAY000477,INV00448,2025-03-12,Credit Card,1492.97
PAY000478,INV00449,2025-05-16,Cash,2836.26
PAY000479,INV00450,2024-07-19,Cash,1998.68
PAY000480,INV00451,2026-01-07,Cash,1633.98
PAY000481,INV00452,2025-02-02,Credit Card,3682.96
PAY000482,INV00453,2025-09-08,Credit Card,3265.25
PAY000483,INV00455,2025-05-17,Cash,4622.04
PAY000484,INV00456,2024-03-24,Credit Card,6674.38
PAY000485,INV00457,2024-12-01,Bank Transfer,829.63
PAY000486,INV00457,2024-11-22,Credit Card,790.24
PAY000487,INV00458,2024-04-13,Bank Transfer,1579.61
PAY000488,INV00459,2024-03-03,Credit Card,2448.94
PAY000489,INV00460,2025-03-18,Cash,3473.39
PAY000490,INV00461,2024-11-18,Credit Card,4890.65
PAY000491,INV00462,2025-09-22,Cash,2758.13
PAY000492,INV00463,2024-06-01,Bank Transfer,3495.84
PAY000493,INV00464,2024-03-14,Credit Card,962.64
PAY000494,INV00465,2025-02-28,Cash,521.09
PAY000495,INV00466,2025-08-07,Bank Transfer,2438.75
PAY000496,INV00467,2025-05-04,Cash,1106.94
PAY000497,INV00467,2025-03-27,Credit Card,910.56
PAY000498,INV00468,2025-12-21,Credit Card,108.08
PAY000499,INV00468,2025-12-31,Credit Card,148.59
PAY000500,INV00470,2025-04-25,Bank Transfer,979.59
PAY000501,INV00471,2026-01-24,Bank Transfer,2543.23
PAY000502,INV00472,2025-07-20,Credit Card,4137.41
PAY000503,INV00473,2024-02-06,Credit Card,1491.85
PAY000504,INV00474,2024-12-21,Bank Transfer,677.33
PAY000505,INV00475,2024-02-21,Credit Card,4167.28
PAY000506,INV00476,2025-12-10,Credit Card,3685.46
PAY000507,INV00477,2025-07-21,Cash,3935.22
PAY000508,INV00478,2024-05-25,Cash,3555.07
PAY000509,INV00479,2024-12-28,Credit Card,5886.18
PAY000510,INV00480,2024-09-09,Credit Card,1989.83
PAY000511,INV00480,2024-09-02,Bank Transfer,2484.97
PAY000512,INV00481,2025-03-05,Credit Card,4823.47
PAY000513,INV00482,2025-08-23,Bank Transfer,242.46
PAY000514,INV00483,2025-03-02,Bank Transfer,104.46
PAY000515,INV00483,2025-02-15,Cash,58.34
PAY000516,INV00484,2025-10-03,Cash,784.16
PAY000517,INV00484,2025-09-04,Credit Card,449.33
PAY000518,INV00485,2025-04-15,Bank Transfer,2968.57
PAY000519,INV00486,2025-06-29,Credit Card,1940.94
PAY000520,INV00486,2025-07-03,Cash,3415.44
PAY000521,INV00487,2025-05-14,Cash,601.76
PAY000522,INV00488,2024-09-23,Bank Transfer,7459.36
PAY000523,INV00489,2025-07-19,Cash,2103.5
PAY000524,INV00490,2024-10-30,Bank Transfer,5380.32
PAY000525,INV00491,2024-06-17,Cash,2286.32
PAY000526,INV00491,2024-07-31,Cash,3466.49
PAY000527,INV00492,2025-08-28,Cash,2959.38
PAY000528,INV00493,2024-12-17,Credit Card,5024.83
PAY000529,INV00494,2025-05-06,Bank Transfer,2751.9
PAY000530,INV00495,2025-10-24,Bank Transfer,1066.07
PAY000531,INV00496,2025-02-13,Bank Transfer,4909.81
PAY000532,INV00497,2024-11-12,Cash,3635.4
PAY000533,INV00498,2024-03-16,Credit Card,436.03
PAY000534,INV00499,2025-03-03,Cash,3220.15
PAY000535,INV00500,2024-05-08,Credit Card,71.92
PAY000536,INV00501,2024-06-21,Bank Transfer,948.48
PAY000537,INV00502,2024-08-02,Credit Card,1264.63
PAY000538,INV00503,2024-07-27,Bank Transfer,5209.97
PAY000539,INV00504,2024-12-21,Credit Card,678.34
PAY000540,INV00505,2024-09-18,Cash,5194.14
PAY000541,INV00506,2025-02-27,Cash,2669.22
PAY000542,INV00507,2025-09-25,Bank Transfer,576.19
PAY000543,INV00508,2024-07-21,Cash,5537.76
PAY000544,INV00509,2024-03-23,Credit Card,1128.32
PAY000545,INV00510,2025-02-07,Bank Transfer,4753.69
PAY000546,INV00511,2024-08-26,Bank Transfer,1687.94
PAY000547,INV00512,2024-04-12,Cash,995.6
PAY000548,INV00512,2024-04-23,Cash,452.34
PAY000549,INV00513,2025-08-07,Cash,7687.48
PAY000550,INV00514,2025-06-14,Cash,840.45
PAY000551,INV00515,2025-04-05,Credit Card,608.15
PAY000552,INV00516,2025-02-15,Cash,452.37
PAY000553,INV00516,2025-02-18,Cash,296.55
PAY000554,INV00518,2025-08-09,Credit Card,950.9
PAY000555,INV00520,2025-01-04,Credit Card,1934.81
PAY000556,INV00521,2024-04-02,Bank Transfer,453.26
PAY000557,INV00522,2025-05-21,Cash,1602.58
PAY000558,INV00522,2025-05-10,Bank Transfer,1636.99
PAY000559,INV00523,2024-09-11,Credit Card,1611.43
PAY000560,INV00524,2025-10-22,Credit Card,3052.62
PAY000561,INV00525,2024-03-09,Credit Card,2716.03
PAY000562,INV00526,2025-06-22,Credit Card,3918.61
PAY000563,INV00527,2025-10-08,Bank Transfer,4047.12
PAY000564,INV00528,2025-04-05,Credit Card,1866.37
PAY000565,INV00529,2024-11-21,Bank Transfer,144.66
PAY000566,INV00530,2024-03-07,Bank Transfer,1221.05
PAY000567,INV00531,2024-10-14,Bank Transfer,2765.58
PAY000568,INV00532,2024-08-31,Cash,5745.72
PAY000569,INV00533,2024-08-12,Cash,1739.99
PAY000570,INV00534,2024-02-02,Credit Card,3396.19
PAY000571,INV00535,2025-12-19,Bank Transfer,2353.57
PAY000572,INV00536,2024-11-30,Credit Card,6479.52
PAY000573,INV00537,2025-02-17,Cash,1798.81
PAY000574,INV00538,2024-12-15,Cash,710.28
PAY000575,INV00539,2024-02-14,Bank Transfer,4867.99
PAY000576,INV00540,2024-11-23,Bank Transfer,579.56
PAY000577,INV00541,2024-08-20,Bank Transfer,4992.06
PAY000578,INV00542,2025-10-13,Bank Transfer,2821.63
PAY000579,INV00543,2025-12-03,Cash,790.79
PAY000580,INV00544,2025-12-25,Credit Card,3733.45
PAY000581,INV00545,2025-09-08,Bank Transfer,2448.94
PAY000582,INV00546,2025-10-04,Bank Transfer,417.9
PAY000583,INV00547,2025-07-14,Cash,801.5
PAY000584,INV00548,2024-11-06,Cash,2428.88
PAY000585,INV00548,2024-10-28,Cash,3933.3
PAY000586,INV00549,2025-03-09,Bank Transfer,1100.5
PAY000587,INV00550,2024-02-14,Credit Card,1591.45
PAY000588,INV00550,2024-03-07,Credit Card,3035.38
PAY000589,INV00551,2024-07-05,Credit Card,2325.4
PAY000590,INV00552,2025-04-10,Cash,1881.77
PAY000591,INV00553,2025-05-28,Bank Transfer,1604.72
PAY000592,INV00554,2024-10-03,Credit Card,3433.25
PAY000593,INV00555,2024-05-13,Bank Transfer,3191.34
PAY000594,INV00556,2025-06-28,Cash,3790.55
PAY000595,INV00557,2026-01-11,Cash,3641.69
PAY000596,INV00558,2024-01-27,Credit Card,1167.47
PAY000597,INV00558,2024-02-24,Bank Transfer,1876.75
PAY000598,INV00559,2024-06-22,Bank Transfer,1966.12
PAY000599,INV00560,2025-03-26,Bank Transfer,4196.33
PAY000600,INV00561,2025-01-18,Cash,2515.52
PAY000601,INV00562,2025-08-25,Bank Transfer,4422.78
PAY000602,INV00563,2025-05-04,Credit Card,2835.62
PAY000603,INV00564,2024-11-15,Cash,735.15
PAY000604,INV00565,2026-02-23,Cash,4221.5
PAY000605,INV00566,2024-02-24,Bank Transfer,4704.82
PAY000606,INV00567,2024-02-10,Cash,2137.16
PAY000607,INV00568,2024-05-27,Cash,1788.66
PAY000608,INV00572,2025-07-25,Bank Transfer,1001.17
PAY000609,INV00573,2025-03-03,Bank Transfer,2986.57
PAY000610,INV00574,2024-02-10,Credit Card,1278.43
PAY000611,INV00574,2024-03-25,Credit Card,2294.25
PAY000612,INV00575,2024-08-01,Credit Card,1639.28
PAY000613,INV00577,2025-08-10,Bank Transfer,4142.26
PAY000614,INV00578,2025-09-27,Bank Transfer,4575.85
PAY000615,INV00579,2024-11-09,Bank Transfer,3301.31
PAY000616,INV00580,2024-05-08,Bank Transfer,636.37
PAY000617,INV00580,2024-05-17,Credit Card,962.74
PAY000618,INV00581,2025-09-14,Credit Card,358.52
PAY000619,INV00581,2025-09-05,Bank Transfer,285.46
PAY000620,INV00582,2025-05-06,Bank Transfer,4188.9
PAY000621,INV00583,2024-11-23,Credit Card,1003.37
PAY000622,INV00583,2024-11-13,Cash,1359.98
PAY000623,INV00584,2025-01-27,Cash,1451.41
PAY000624,INV00584,2025-02-22,Cash,2644.97
PAY000625,INV00585,2024-07-25,Credit Card,3286.7
PAY000626,INV00586,2025-05-29,Credit Card,1177.25
PAY000627,INV00587,2024-07-16,Credit Card,2557.5
PAY000628,INV00588,2024-06-03,Credit Card,852.83
PAY000629,INV00588,2024-06-16,Cash,1591.11
PAY000630,INV00589,2024-12-29,Credit Card,862.08
PAY000631,INV00590,2025-04-27,Bank Transfer,3192.61
PAY000632,INV00591,2024-11-08,Bank Transfer,879.09
PAY000633,INV00591,2024-11-17,Cash,542.41
PAY000634,INV00592,2025-10-31,Credit Card,1892.78
PAY000635,INV00593,2025-05-15,Bank Transfer,2966.02
PAY000636,INV00593,2025-05-20,Bank Transfer,3406.16
PAY000637,INV00594,2025-03-31,Cash,7492.24
PAY000638,INV00595,2026-01-01,Bank Transfer,3594.36
PAY000639,INV00596,2024-03-22,Bank Transfer,4611.38
PAY000640,INV00597,2025-04-07,Cash,3819.83
PAY000641,INV00598,2025-07-31,Credit Card,2871.97
PAY000642,INV00599,2024-06-11,Credit Card,3886.64
PAY000643,INV00600,2025-04-26,Credit Card,5867.83
PAY000644,INV00601,2026-01-23,Bank Transfer,2730.07
PAY000645,INV00602,2024-09-23,Cash,1301.56
PAY000646,INV00603,2025-12-05,Bank Transfer,406.4
PAY000647,INV00604,2025-06-05,Cash,1780.46
PAY000648,INV00605,2025-05-26,Credit Card,7936.51
PAY000649,INV00606,2025-12-23,Cash,99.49
PAY000650,INV00606,2026-01-19,Credit Card,226.12
PAY000651,INV00607,2025-12-07,Credit Card,7177.4
PAY000652,INV00608,2024-12-09,Credit Card,2836.34
PAY000653,INV00609,2024-12-31,Credit Card,1116.67
PAY000654,INV00610,2025-06-28,Bank Transfer,2670.41
PAY000655,INV00611,2025-03-13,Credit Card,8152.76
PAY000656,INV00612,2026-01-02,Bank Transfer,1247.21
PAY000657,INV00613,2025-03-12,Cash,7666.79
PAY000658,INV00614,2025-08-12,Credit Card,5908.51
PAY000659,INV00615,2024-02-21,Cash,763.37
PAY000660,INV00616,2025-03-15,Bank Transfer,4256.74
PAY000661,INV00617,2025-11-13,Bank Transfer,2086.21
PAY000662,INV00617,2025-11-12,Bank Transfer,2523.01
PAY000663,INV00618,2025-02-14,Bank Transfer,1403.58
PAY000664,INV00619,2024-06-26,Bank Transfer,2930.82
PAY000665,INV00620,2024-04-04,Bank Transfer,6714.8
PAY000666,INV00621,2024-11-06,Cash,5111.36
PAY000667,INV00622,2024-02-09,Bank Transfer,1599.78
PAY000668,INV00622,2024-03-10,Cash,3020.78
PAY000669,INV00623,2025-08-21,Bank Transfer,2195.89
PAY000670,INV00624,2024-11-19,Bank Transfer,2905.44
PAY000671,INV00625,2024-09-28,Bank Transfer,7672.39
PAY000672,INV00626,2025-03-29,Cash,5212.58
PAY000673,INV00627,2024-12-08,Cash,3753.32
PAY000674,INV00628,2025-12-31,Credit Card,1882.63
PAY000675,INV00629,2024-07-07,Credit Card,4404.28
PAY000676,INV00630,2024-04-27,Cash,8772.65
PAY000677,INV00632,2024-10-19,Bank Transfer,3217.21
PAY000678,INV00633,2024-02-13,Bank Transfer,6045.36
PAY000679,INV00634,2025-04-14,Cash,1695.85
PAY000680,INV00634,2025-03-29,Bank Transfer,1218.39
PAY000681,INV00635,2024-11-26,Credit Card,4884.6
PAY000682,INV00636,2025-03-03,Cash,1605.43
PAY000683,INV00638,2024-04-01,Cash,734.68
PAY000684,INV00639,2024-11-21,Credit Card,2131.88
PAY000685,INV00640,2025-03-05,Cash,2754.49
PAY000686,INV00641,2025-12-01,Bank Transfer,4713.56
PAY000687,INV00643,2024-04-14,Cash,1957.37
PAY000688,INV00644,2025-02-23,Credit Card,2573.06
PAY000689,INV00644,2025-02-28,Cash,2668.98
PAY000690,INV00645,2024-11-27,Credit Card,2077.09
PAY000691,INV00645,2025-01-05,Bank Transfer,940.48
PAY000692,INV00646,2025-08-10,Bank Transfer,597.19
PAY000693,INV00647,2025-12-25,Credit Card,379.21
PAY000694,INV00647,2026-01-11,Credit Card,473.97
PAY000695,INV00648,2024-07-17,Cash,5258.75
PAY000696,INV00649,2025-03-22,Credit Card,2583.64
PAY000697,INV00650,2024-08-23,Cash,1355.74
PAY000698,INV00651,2025-10-19,Cash,2845.25
PAY000699,INV00653,2024-10-12,Bank Transfer,5130.76
PAY000700,INV00654,2025-10-29,Cash,7526.77
PAY000701,INV00655,2024-02-01,Cash,4763.03
PAY000702,INV00657,2024-07-08,Bank Transfer,3428.65
PAY000703,INV00658,2026-01-11,Cash,717.26
PAY000704,INV00659,2025-06-21,Credit Card,2708.77
PAY000705,INV00660,2025-06-22,Cash,3209.96
PAY000706,INV00661,2024-06-25,Credit Card,2821.82
PAY000707,INV00662,2025-02-06,Bank Transfer,4302.22
PAY000708,INV00663,2024-02-29,Credit Card,792.6
PAY000709,INV00664,2025-01-22,Cash,1191.01
PAY000710,INV00665,2025-02-11,Bank Transfer,2339.47
PAY000711,INV00666,2024-12-18,Cash,1877.62
PAY000712,INV00667,2024-06-24,Bank Transfer,215.75
PAY000713,INV00668,2025-07-15,Credit Card,72.35
PAY000714,INV00668,2025-09-01,Bank Transfer,71.48
PAY000715,INV00669,2024-05-02,Credit Card,1397.95
PAY000716,INV00670,2024-09-17,Credit Card,182.23
PAY000717,INV00671,2024-08-08,Cash,3608.87
PAY000718,INV00672,2025-05-19,Credit Card,3202.67
PAY000719,INV00672,2025-04-29,Cash,1641.85
PAY000720,INV00673,2024-02-08,Credit Card,763.37
PAY000721,INV00674,2024-02-25,Credit Card,2699.78
PAY000722,INV00675,2025-11-24,Credit Card,654.38
PAY000723,INV00676,2024-02-15,Bank Transfer,5433.48
PAY000724,INV00677,2025-06-05,Bank Transfer,2298.34
PAY000725,INV00678,2024-12-23,Cash,102.35
PAY000726,INV00678,2024-11-30,Credit Card,52.55
PAY000727,INV00680,2025-02-02,Credit Card,3309.66
PAY000728,INV00681,2024-02-26,Bank Transfer,3305.57
PAY000729,INV00682,2025-07-30,Credit Card,2906.81
PAY000730,INV00683,2024-10-29,Cash,3313.39
PAY000731,INV00684,2025-02-24,Bank Transfer,3731.83
PAY000732,INV00685,2024-03-22,Bank Transfer,2255.69
PAY000733,INV00686,2026-01-16,Credit Card,4439.3
PAY000734,INV00687,2025-08-17,Bank Transfer,1118.13
PAY000735,INV00688,2024-08-27,Credit Card,1060.32
PAY000736,INV00689,2024-08-14,Credit Card,2504.26
PAY000737,INV00690,2024-01-28,Cash,1104.77
PAY000738,INV00690,2024-02-05,Bank Transfer,692.45
PAY000739,INV00691,2025-03-27,Credit Card,115.56
PAY000740,INV00691,2025-02-01,Cash,65.15
PAY000741,INV00692,2025-02-25,Cash,108.89
PAY000742,INV00692,2025-02-08,Credit Card,162.05
PAY000743,INV00693,2025-05-06,Bank Transfer,3416.48
PAY000744,INV00694,2025-06-14,Cash,2356.27
PAY000745,INV00695,2024-06-21,Cash,8157.13
PAY000746,INV00696,2025-11-21,Bank Transfer,4265.89
PAY000747,INV00698,2025-07-19,Credit Card,3686.62
PAY000748,INV00699,2024-05-30,Cash,867.92
PAY000749,INV00700,2024-09-20,Bank Transfer,956.58
PAY000750,INV00701,2025-01-07,Bank Transfer,2456.58
PAY000751,INV00702,2024-10-07,Cash,256.67
PAY000752,INV00703,2024-03-20,Bank Transfer,6167.54
PAY000753,INV00705,2025-07-27,Bank Transfer,673.56
PAY000754,INV00706,2025-09-03,Cash,170.57
PAY000755,INV00707,2024-11-24,Cash,4153.55
PAY000756,INV00708,2025-01-25,Credit Card,1101.68
PAY000757,INV00708,2025-01-03,Cash,583.01
PAY000758,INV00709,2025-11-23,Bank Transfer,3888.96
PAY000759,INV00710,2025-09-09,Cash,965.18
PAY000760,INV00711,2024-06-28,Credit Card,2193.9
PAY000761,INV00712,2024-06-02,Bank Transfer,1880.74
PAY000762,INV00713,2025-10-27,Cash,2422.84
PAY000763,INV00714,2025-01-23,Credit Card,636.46
PAY000764,INV00715,2025-05-21,Credit Card,637.74
PAY000765,INV00715,2025-04-18,Cash,697.55
PAY000766,INV00716,2024-12-14,Bank Transfer,1032.09
PAY000767,INV00716,2024-11-07,Credit Card,2171.14
PAY000768,INV00717,2024-05-02,Bank Transfer,111.73
PAY000769,INV00717,2024-05-26,Cash,159.96
PAY000770,INV00718,2024-12-08,Credit Card,5493.41
PAY000771,INV00719,2024-07-30,Bank Transfer,364.46
PAY000772,INV00721,2025-07-14,Bank Transfer,2399.81
PAY000773,INV00722,2025-07-31,Cash,2346.48
PAY000774,INV00723,2024-12-02,Credit Card,2394.06
PAY000775,INV00723,2024-12-24,Bank Transfer,2076.97
PAY000776,INV00724,2025-03-15,Bank Transfer,1445.52
PAY000777,INV00724,2025-03-22,Cash,1631.87
PAY000778,INV00725,2024-08-01,Bank Transfer,5882.4
PAY000779,INV00726,2025-10-15,Credit Card,1433.74
PAY000780,INV00727,2024-12-29,Bank Transfer,6069.25
PAY000781,INV00728,2025-11-16,Cash,4521.95
PAY000782,INV00729,2024-07-20,Credit Card,82.45
PAY000783,INV00730,2025-11-26,Credit Card,5024.27
PAY000784,INV00731,2024-08-14,Cash,2795.47
PAY000785,INV00731,2024-08-10,Cash,2291.22
PAY000786,INV00732,2025-07-31,Bank Transfer,404.14
PAY000787,INV00733,2024-06-25,Credit Card,2995.48
PAY000788,INV00733,2024-06-22,Credit Card,2204.97
PAY000789,INV00734,2025-12-10,Cash,1728.53
PAY000790,INV00734,2026-01-02,Credit Card,2116.43
PAY000791,INV00735,2025-04-10,Credit Card,512.38
PAY000792,INV00735,2025-05-15,Credit Card,262.11
PAY000793,INV00736,2024-12-15,Cash,1600.27
PAY000794,INV00737,2024-10-01,Bank Transfer,2874.58
PAY000795,INV00738,2024-06-24,Cash,5335.43
PAY000796,INV00739,2025-07-01,Cash,1624.76
PAY000797,INV00740,2025-12-30,Credit Card,2517.72
PAY000798,INV00740,2025-11-09,Cash,4340.86
PAY000799,INV00741,2024-03-31,Cash,1253.7
PAY000800,INV00742,2025-07-19,Credit Card,2120.64
PAY000801,INV00743,2024-10-14,Cash,5521.22
PAY000802,INV00744,2025-12-11,Bank Transfer,1223.05
PAY000803,INV00745,2025-04-01,Cash,1053.86
PAY000804,INV00746,2025-08-16,Credit Card,1164.96
PAY000805,INV00747,2025-06-14,Cash,7993.62
PAY000806,INV00748,2025-04-10,Credit Card,3737.89
PAY000807,INV00749,2025-02-05,Credit Card,1430.93
PAY000808,INV00750,2025-08-30,Bank Transfer,5770.39
PAY000809,INV00751,2024-06-24,Cash,2231.52
PAY000810,INV00752,2025-03-28,Credit Card,3154.52
PAY000811,INV00754,2024-09-16,Credit Card,4909.72
PAY000812,INV00756,2025-03-16,Bank Transfer,3137.75
PAY000813,INV00757,2025-02-16,Bank Transfer,4009.72
PAY000814,INV00758,2025-11-19,Bank Transfer,2982.23
PAY000815,INV00760,2024-06-30,Credit Card,75.91
PAY000816,INV00761,2025-08-24,Credit Card,2561.22
PAY000817,INV00762,2025-08-30,Cash,1648.42
PAY000818,INV00763,2025-12-10,Cash,3230.37
PAY000819,INV00764,2025-04-15,Bank Transfer,2602.31
PAY000820,INV00765,2024-09-05,Cash,1948.22
PAY000821,INV00766,2025-08-28,Bank Transfer,263.33
PAY000822,INV00766,2025-09-08,Cash,307.05
PAY000823,INV00767,2025-05-13,Bank Transfer,302.05
PAY000824,INV00768,2025-09-13,Credit Card,1019.53
PAY000825,INV00769,2024-08-23,Credit Card,1458.07
PAY000826,INV00769,2024-06-25,Bank Transfer,2535.29
PAY000827,INV00770,2024-08-16,Cash,886.03
PAY000828,INV00771,2024-07-27,Cash,3167.58
PAY000829,INV00772,2024-06-13,Cash,1022.0
PAY000830,INV00773,2025-07-27,Bank Transfer,4204.76
PAY000831,INV00774,2025-11-11,Cash,1811.58
PAY000832,INV00774,2025-11-28,Bank Transfer,1946.15
PAY000833,INV00775,2025-08-03,Bank Transfer,4854.78
PAY000834,INV00776,2024-04-11,Credit Card,1236.95
PAY000835,INV00777,2025-01-09,Cash,1062.23
PAY000836,INV00778,2025-10-29,Cash,3370.22
PAY000837,INV00779,2024-07-27,Credit Card,2314.63
PAY000838,INV00780,2025-10-29,Credit Card,1430.93
PAY000839,INV00781,2025-05-15,Credit Card,5905.78
PAY000840,INV00782,2025-08-27,Bank Transfer,1877.02
PAY000841,INV00784,2024-07-10,Credit Card,499.7
PAY000842,INV00785,2024-08-05,Cash,2926.96
PAY000843,INV00786,2024-03-12,Cash,912.59
PAY000844,INV00787,2025-09-03,Bank Transfer,437.93
PAY000845,INV00787,2025-08-14,Cash,661.02
PAY000846,INV00788,2024-05-31,Cash,1880.54
PAY000847,INV00789,2024-03-08,Credit Card,2165.78
PAY000848,INV00790,2024-05-02,Credit Card,1140.68
PAY000849,INV00791,2025-08-26,Cash,2398.07
PAY000850,INV00792,2025-09-12,Bank Transfer,2110.44
PAY000851,INV00793,2025-03-08,Credit Card,5938.96
PAY000852,INV00794,2025-07-21,Cash,5873.39
PAY000853,INV00795,2025-09-23,Credit Card,2547.04
PAY000854,INV00797,2025-08-15,Cash,3649.3
PAY000855,INV00799,2024-06-11,Cash,1262.95
PAY000856,INV00800,2024-06-06,Bank Transfer,2231.2
PAY000857,INV00801,2024-10-25,Cash,1561.3
PAY000858,INV00801,2024-11-30,Cash,1359.42
PAY000859,INV00802,2025-03-10,Cash,1302.84
PAY000860,INV00802,2025-03-14,Bank Transfer,2204.6
PAY000861,INV00803,2024-02-17,Bank Transfer,2923.2
PAY000862,INV00804,2024-11-02,Bank Transfer,1073.2
PAY000863,INV00805,2025-04-21,Credit Card,685.27
PAY000864,INV00806,2025-05-14,Credit Card,712.98
PAY000865,INV00807,2024-06-07,Cash,1508.04
PAY000866,INV00807,2024-06-28,Bank Transfer,3412.0
PAY000867,INV00808,2026-01-14,Bank Transfer,7140.95
PAY000868,INV00809,2025-04-16,Bank Transfer,4065.64
PAY000869,INV00810,2025-11-21,Credit Card,397.01
PAY000870,INV00811,2026-01-04,Credit Card,4901.02
PAY000871,INV00814,2025-11-17,Bank Transfer,1799.86
PAY000872,INV00815,2024-04-04,Credit Card,1706.81
PAY000873,INV00815,2024-03-04,Cash,1777.21
PAY000874,INV00816,2025-03-04,Credit Card,1667.36
PAY000875,INV00817,2025-03-12,Cash,867.16
PAY000876,INV00817,2025-04-04,Credit Card,820.78
PAY000877,INV00818,2025-09-14,Bank Transfer,644.81
PAY000878,INV00818,2025-10-18,Cash,454.14
PAY000879,INV00819,2025-01-31,Credit Card,1381.71
PAY000880,INV00819,2025-02-02,Cash,3036.1
PAY000881,INV00821,2024-12-09,Bank Transfer,3623.77
PAY000882,INV00822,2025-09-12,Bank Transfer,808.99
PAY000883,INV00822,2025-09-10,Bank Transfer,459.38
PAY000884,INV00823,2024-11-03,Credit Card,864.19
PAY000885,INV00824,2025-01-26,Bank Transfer,1867.2
PAY000886,INV00825,2024-02-02,Bank Transfer,2442.1
PAY000887,INV00826,2024-04-10,Credit Card,907.62
PAY000888,INV00827,2025-11-20,Cash,138.26
PAY000889,INV00827,2025-11-28,Bank Transfer,143.17
PAY000890,INV00828,2024-07-29,Bank Transfer,1650.3
PAY000891,INV00829,2025-07-02,Bank Transfer,6084.3
PAY000892,INV00830,2024-03-01,Cash,1119.23
PAY000893,INV00831,2025-05-11,Credit Card,3501.76
PAY000894,INV00832,2024-11-15,Credit Card,3340.57
PAY000895,INV00833,2025-01-12,Cash,4845.82
PAY000896,INV00834,2024-08-04,Bank Transfer,6502.79
PAY000897,INV00835,2024-12-17,Bank Transfer,1830.24
PAY000898,INV00836,2025-03-21,Bank Transfer,3642.44
PAY000899,INV00837,2024-12-07,Cash,610.52
PAY000900,INV00838,2024-03-11,Cash,6894.76
PAY000901,INV00839,2025-04-27,Cash,4672.37
PAY000902,INV00841,2025-07-21,Bank Transfer,2745.64
PAY000903,INV00842,2025-07-15,Cash,3001.04
PAY000904,INV00843,2025-04-08,Bank Transfer,1438.46
PAY000905,INV00844,2025-10-16,Cash,6538.81
PAY000906,INV00845,2025-09-17,Credit Card,2006.0
PAY000907,INV00845,2025-08-28,Bank Transfer,2791.18
PAY000908,INV00846,2026-01-12,Credit Card,1082.04
PAY000909,INV00847,2025-06-23,Cash,1539.55
PAY000910,INV00848,2025-08-11,Cash,1928.67
PAY000911,INV00850,2025-01-14,Bank Transfer,1442.18
PAY000912,INV00851,2024-03-31,Credit Card,1609.8
PAY000913,INV00852,2025-07-14,Cash,2987.94
PAY000914,INV00853,2025-04-21,Bank Transfer,3015.56
PAY000915,INV00854,2024-05-16,Credit Card,3874.6
PAY000916,INV00855,2024-02-29,Credit Card,1316.34
PAY000917,INV00856,2024-11-06,Credit Card,3223.1
PAY000918,INV00857,2024-05-29,Cash,440.44
PAY000919,INV00858,2025-07-18,Cash,1441.02
PAY000920,INV00859,2024-02-23,Bank Transfer,387.0
PAY000921,INV00861,2024-08-05,Credit Card,28.93
PAY000922,INV00862,2024-02-11,Credit Card,2667.6
PAY000923,INV00863,2025-11-01,Cash,71.92
PAY000924,INV00864,2026-01-05,Credit Card,3639.7
PAY000925,INV00865,2025-07-05,Credit Card,1235.22
PAY000926,INV00866,2024-03-23,Cash,351.29
PAY000927,INV00867,2025-09-09,Credit Card,482.19
PAY000928,INV00868,2025-12-27,Credit Card,3729.31
PAY000929,INV00869,2024-07-29,Bank Transfer,2048.42
PAY000930,INV00870,2024-03-26,Bank Transfer,891.14
PAY000931,INV00871,2024-05-30,Bank Transfer,399.54
PAY000932,INV00872,2025-12-27,Cash,165.95
PAY000933,INV00872,2026-02-06,Credit Card,153.87
PAY000934,INV00874,2025-03-21,Credit Card,4657.19
PAY000935,INV00875,2024-05-10,Credit Card,1448.65
PAY000936,INV00876,2025-05-24,Bank Transfer,1719.98
PAY000937,INV00877,2024-08-21,Cash,3277.46
PAY000938,INV00878,2025-09-22,Bank Transfer,1801.45
PAY000939,INV00879,2024-03-05,Cash,212.24
PAY000940,INV00879,2024-04-20,Credit Card,214.35
PAY000941,INV00881,2024-03-31,Credit Card,984.2
PAY000942,INV00882,2025-12-31,Bank Transfer,2102.02
PAY000943,INV00883,2024-04-12,Credit Card,4969.13
PAY000944,INV00884,2024-02-27,Bank Transfer,2052.26
PAY000945,INV00885,2025-06-11,Cash,4503.56
PAY000946,INV00886,2026-01-05,Cash,442.43
PAY000947,INV00887,2024-06-17,Bank Transfer,3262.08
PAY000948,INV00888,2024-06-04,Credit Card,2339.09
PAY000949,INV00889,2026-01-08,Bank Transfer,724.47
PAY000950,INV00889,2025-12-15,Credit Card,1120.96
PAY000951,INV00890,2026-02-23,Credit Card,1731.41
PAY000952,INV00890,2026-01-26,Bank Transfer,1737.49
PAY000953,INV00891,2025-01-30,Cash,365.5
PAY000954,INV00892,2025-01-05,Bank Transfer,4203.68
PAY000955,INV00893,2026-01-08,Bank Transfer,1584.6
PAY000956,INV00894,2024-07-17,Credit Card,5075.12
PAY000957,INV00895,2025-11-12,Credit Card,1061.88
PAY000958,INV00896,2025-09-15,Credit Card,340.26
PAY000959,INV00896,2025-09-30,Bank Transfer,485.78
PAY000960,INV00897,2024-05-11,Credit Card,4500.9
PAY000961,INV00898,2025-04-11,Bank Transfer,1478.31
PAY000962,INV00898,2025-05-03,Bank Transfer,1521.45
PAY000963,INV00899,2025-03-29,Credit Card,188.32
PAY000964,INV00899,2025-05-05,Cash,260.72
PAY000965,INV00900,2024-01-05,Bank Transfer,1184.7
PAY000966,INV00901,2025-06-26,Cash,2205.98
PAY000967,INV00902,2025-05-21,Cash,954.2
PAY000968,INV00903,2025-05-15,Bank Transfer,4648.91
PAY000969,INV00904,2024-12-02,Bank Transfer,2737.67
PAY000970,INV00905,2025-04-28,Credit Card,4001.03
PAY000971,INV00906,2025-03-20,Credit Card,266.04
PAY000972,INV00907,2024-06-01,Bank Transfer,1422.19
PAY000973,INV00907,2024-05-22,Credit Card,1046.39
PAY000974,INV00908,2025-09-26,Cash,2741.05
PAY000975,INV00909,2024-01-15,Credit Card,782.77
PAY000976,INV00910,2025-11-01,Credit Card,6149.86
PAY000977,INV00911,2025-01-08,Credit Card,5559.64
PAY000978,INV00912,2024-02-21,Credit Card,309.32
PAY000979,INV00913,2024-04-22,Bank Transfer,2964.68
PAY000980,INV00914,2024-08-31,Cash,1263.05
PAY000981,INV00915,2024-07-23,Bank Transfer,2401.93
PAY000982,INV00916,2025-12-01,Bank Transfer,2054.9
PAY000983,INV00917,2024-01-29,Bank Transfer,1426.71
PAY000984,INV00917,2024-02-13,Cash,2229.71
PAY000985,INV00918,2025-04-05,Cash,1632.2
PAY000986,INV00918,2025-04-18,Credit Card,2437.34
PAY000987,INV00919,2024-09-23,Bank Transfer,2097.05
PAY000988,INV00920,2024-05-05,Bank Transfer,2976.34
PAY000989,INV00921,2024-07-30,Bank Transfer,2531.03
PAY000990,INV00922,2025-05-24,Cash,1696.65
PAY000991,INV00922,2025-05-20,Bank Transfer,1014.82
PAY000992,INV00923,2025-05-26,Credit Card,325.61
PAY000993,INV00924,2025-02-11,Credit Card,2747.36
PAY000994,INV00925,2025-05-08,Credit Card,1152.25
PAY000995,INV00925,2025-05-24,Bank Transfer,1498.56
PAY000996,INV00926,2024-11-09,Credit Card,4100.48
PAY000997,INV00927,2024-10-15,Bank Transfer,1601.53
PAY000998,INV00928,2024-09-19,Credit Card,1906.61
PAY000999,INV00929,2024-11-06,Cash,1928.06
PAY001000,INV00931,2024-09-16,Credit Card,290.7
PAY001001,INV00931,2024-09-02,Cash,228.24
PAY001002,INV00932,2025-12-18,Bank Transfer,1442.81
PAY001003,INV00933,2025-03-10,Credit Card,632.32
PAY001004,INV00934,2024-08-29,Cash,1843.6
PAY001005,INV00935,2025-09-22,Credit Card,4763.41
PAY001006,INV00936,2024-04-09,Credit Card,462.48
PAY001007,INV00937,2024-05-26,Credit Card,1767.2
PAY001008,INV00938,2025-06-01,Cash,2089.5
PAY001009,INV00939,2025-10-01,Credit Card,1264.63
PAY001010,INV00941,2025-07-17,Credit Card,1410.58
PAY001011,INV00941,2025-08-25,Cash,3226.4
PAY001012,INV00942,2024-08-04,Bank Transfer,1467.92
PAY001013,INV00943,2024-09-06,Credit Card,824.72
PAY001014,INV00943,2024-09-15,Cash,1582.34
PAY001015,INV00944,2024-08-21,Cash,541.86
PAY001016,INV00945,2024-01-06,Credit Card,3678.74
PAY001017,INV00946,2024-08-22,Bank Transfer,675.18
PAY001018,INV00947,2025-08-24,Credit Card,5890.57
PAY001019,INV00948,2025-10-22,Bank Transfer,3976.76
PAY001020,INV00949,2024-02-15,Credit Card,2641.22
PAY001021,INV00950,2024-10-15,Bank Transfer,5287.36
PAY001022,INV00951,2025-01-24,Bank Transfer,827.27
PAY001023,INV00952,2024-11-11,Cash,4280.83
PAY001024,INV00953,2025-08-01,Bank Transfer,5075.39
PAY001025,INV00954,2025-08-03,Bank Transfer,242.06
PAY001026,INV00954,2025-09-08,Cash,150.84
PAY001027,INV00955,2025-11-02,Cash,720.84
PAY001028,INV00955,2025-11-03,Bank Transfer,414.89
PAY001029,INV00956,2025-10-21,Bank Transfer,2308.01
PAY001030,INV00957,2025-11-03,Cash,886.03
PAY001031,INV00958,2024-06-26,Credit Card,5005.6
PAY001032,INV00959,2025-10-01,Cash,6025.56
PAY001033,INV00961,2025-04-17,Cash,659.76
PAY001034,INV00961,2025-04-09,Credit Card,753.14
PAY001035,INV00962,2025-10-07,Cash,1063.68
PAY001036,INV00963,2025-03-09,Cash,2451.31
PAY001037,INV00964,2025-08-06,Credit Card,1112.87
PAY001038,INV00965,2024-11-04,Credit Card,1065.31
PAY001039,INV00966,2024-04-05,Credit Card,3599.44
PAY001040,INV00967,2024-11-17,Bank Transfer,1370.54
PAY001041,INV00968,2025-12-01,Bank Transfer,1912.01
PAY001042,INV00969,2025-04-20,Bank Transfer,3841.99
PAY001043,INV00970,2025-05-06,Credit Card,4393.97
PAY001044,INV00971,2024-08-23,Bank Transfer,7837.91
PAY001045,INV00972,2025-04-13,Bank Transfer,2251.45
PAY001046,INV00973,2024-02-05,Credit Card,1135.41
PAY001047,INV00974,2024-08-25,Bank Transfer,1063.43
PAY001048,INV00974,2024-08-21,Bank Transfer,662.83
PAY001049,INV00975,2024-11-24,Bank Transfer,2008.03
PAY001050,INV00975,2024-10-17,Credit Card,2419.27
PAY001051,INV00976,2025-09-17,Credit Card,49.36
PAY001052,INV00977,2024-12-27,Bank Transfer,3586.19
PAY001053,INV00978,2024-08-14,Credit Card,6922.7
PAY001054,INV00979,2025-08-18,Cash,4691.47
PAY001055,INV00980,2024-12-27,Cash,2779.0
PAY001056,INV00981,2025-02-12,Bank Transfer,3160.84
PAY001057,INV00982,2024-12-14,Cash,1649.85
PAY001058,INV00983,2025-08-23,Cash,3644.2
PAY001059,INV00984,2025-04-01,Bank Transfer,3008.82
PAY001060,INV00985,2025-09-21,Credit Card,4439.7
PAY001061,INV00986,2025-05-25,Bank Transfer,6114.53
PAY001062,INV00987,2025-05-25,Cash,1370.54
PAY001063,INV00988,2026-01-19,Credit Card,1267.38
PAY001064,INV00988,2026-02-06,Bank Transfer,872.08
PAY001065,INV00989,2025-10-03,Credit Card,2786.84
PAY001066,INV00990,2024-06-16,Cash,6733.72
PAY001067,INV00992,2024-03-13,Bank Transfer,1650.54
PAY001068,INV00992,2024-02-19,Cash,1324.78
PAY001069,INV00993,2025-02-04,Credit Card,2256.83
PAY001070,INV00994,2025-11-23,Cash,2154.3
PAY001071,INV00995,2025-03-31,Cash,6440.17
PAY001072,INV00996,2025-02-20,Bank Transfer,3533.42
PAY001073,INV00997,2025-09-27,Credit Card,2820.55
PAY001074,INV00998,2024-12-14,Credit Card,4668.58
PAY001075,INV00999,2025-06-04,Bank Transfer,5661.65
PAY001076,INV01000,2025-12-10,Bank Transfer,1934.98
PAY001077,INV01001,2025-08-14,Credit Card,2553.29
PAY001078,INV01002,2024-03-09,Bank Transfer,4172.11
PAY001079,INV01003,2025-10-03,Credit Card,2954.84
PAY001080,INV01004,2025-07-21,Bank Transfer,3080.9
PAY001081,INV01005,2025-05-23,Bank Transfer,1985.77
PAY001082,INV01006,2025-09-18,Bank Transfer,1504.68
PAY001083,INV01007,2024-02-14,Credit Card,366.88
PAY001084,INV01007,2024-03-10,Bank Transfer,656.12
PAY001085,INV01008,2024-08-03,Credit Card,4759.97
PAY001086,INV01009,2025-11-14,Cash,2502.79
PAY001087,INV01010,2025-06-25,Credit Card,927.26
PAY001088,INV01011,2025-07-11,Bank Transfer,4700.06
PAY001089,INV01012,2024-08-20,Bank Transfer,3854.28
PAY001090,INV01013,2024-11-09,Cash,415.15
PAY001091,INV01014,2024-04-20,Bank Transfer,2967.76
PAY001092,INV01015,2024-03-03,Cash,619.58
PAY001093,INV01016,2025-05-14,Bank Transfer,2455.13
PAY001094,INV01017,2025-03-01,Cash,115.73
PAY001095,INV01018,2024-06-05,Credit Card,2466.19
PAY001096,INV01019,2025-02-09,Cash,1504.44
PAY001097,INV01020,2024-11-27,Bank Transfer,3353.88
PAY001098,INV01021,2025-02-12,Credit Card,488.41
PAY001099,INV01022,2024-09-16,Bank Transfer,1993.18
PAY001100,INV01025,2026-02-03,Cash,597.19
PAY001101,INV01026,2025-09-07,Credit Card,4286.99
PAY001102,INV01027,2025-04-11,Cash,5033.15
PAY001103,INV01028,2024-09-14,Credit Card,1472.85
PAY001104,INV01029,2025-03-21,Bank Transfer,1900.05
PAY001105,INV01029,2025-03-29,Cash,1158.97
PAY001106,INV01030,2025-09-09,Cash,2636.67
PAY001107,INV01032,2025-02-09,Credit Card,467.46
PAY001108,INV01032,2025-02-24,Credit Card,568.79
PAY001109,INV01033,2026-01-07,Credit Card,608.15
PAY001110,INV01034,2025-01-05,Bank Transfer,4623.76
PAY001111,INV01035,2024-09-25,Credit Card,734.49
PAY001112,INV01035,2024-10-09,Credit Card,1473.59
PAY001113,INV01036,2025-03-08,Cash,282.78
PAY001114,INV01038,2025-10-05,Cash,2119.36
PAY001115,INV01039,2025-07-08,Bank Transfer,2498.51
PAY001116,INV01040,2026-01-12,Cash,2760.06
PAY001117,INV01041,2025-10-30,Bank Transfer,4500.48
PAY001118,INV01042,2024-09-20,Cash,4626.83
PAY001119,INV01043,2024-03-14,Bank Transfer,497.95
PAY001120,INV01044,2024-07-08,Cash,1961.08
PAY001121,INV01045,2024-06-01,Bank Transfer,3384.67
PAY001122,INV01046,2025-10-28,Bank Transfer,6203.42
PAY001123,INV01048,2024-09-03,Bank Transfer,1475.56
PAY001124,INV01048,2024-09-26,Bank Transfer,3045.3
PAY001125,INV01049,2025-11-21,Bank Transfer,2023.19
PAY001126,INV01050,2025-02-06,Cash,190.84
PAY001127,INV01051,2024-06-29,Cash,3903.86
PAY001128,INV01052,2024-09-28,Cash,67.54
PAY001129,INV01053,2025-09-03,Cash,3284.47
PAY001130,INV01054,2025-01-01,Cash,2623.33
PAY001131,INV01055,2025-08-18,Cash,4081.56
PAY001132,INV01056,2025-11-30,Bank Transfer,2013.38
PAY001133,INV01057,2025-09-06,Bank Transfer,3605.86
PAY001134,INV01058,2025-11-15,Cash,1782.52
PAY001135,INV01059,2024-10-06,Cash,1372.99
PAY001136,INV01059,2024-11-02,Cash,1944.34
PAY001137,INV01060,2024-04-26,Cash,712.98
PAY001138,INV01061,2025-01-21,Bank Transfer,5684.54
PAY001139,INV01062,2025-03-19,Credit Card,604.1
PAY001140,INV01063,2024-05-13,Cash,2406.4
PAY001141,INV01064,2024-11-02,Cash,4326.42
PAY001142,INV01065,2024-06-17,Bank Transfer,1995.37
PAY001143,INV01066,2024-10-10,Cash,4202.17
PAY001144,INV01067,2025-09-08,Bank Transfer,3722.18
PAY001145,INV01068,2025-08-22,Bank Transfer,401.05
PAY001146,INV01068,2025-09-24,Bank Transfer,553.15
PAY001147,INV01069,2024-09-09,Cash,1527.71
PAY001148,INV01070,2024-12-22,Bank Transfer,457.25
PAY001149,INV01071,2025-08-02,Credit Card,4228.92
PAY001150,INV01072,2025-02-23,Bank Transfer,493.88
PAY001151,INV01073,2026-01-11,Bank Transfer,4766.02
PAY001152,INV01074,2024-08-31,Credit Card,3948.1
PAY001153,INV01075,2024-07-21,Credit Card,4534.18
PAY001154,INV01076,2025-04-06,Cash,3593.29
PAY001155,INV01077,2025-06-10,Bank Transfer,3698.39
PAY001156,INV01078,2024-07-15,Credit Card,20.55
PAY001157,INV01080,2024-12-19,Cash,2304.76
PAY001158,INV01081,2024-05-22,Credit Card,2514.58
PAY001159,INV01081,2024-06-03,Bank Transfer,3462.75
PAY001160,INV01082,2025-03-22,Credit Card,3403.14
PAY001161,INV01083,2026-02-10,Bank Transfer,537.95
PAY001162,INV01083,2026-01-04,Cash,334.3
PAY001163,INV01084,2025-02-02,Credit Card,4225.4
PAY001164,INV01085,2025-08-23,Bank Transfer,5731.08
PAY001165,INV01086,2024-12-27,Cash,6137.29
PAY001166,INV01087,2025-03-18,Credit Card,3882.01
PAY001167,INV01088,2024-06-28,Cash,2848.18
PAY001168,INV01089,2024-10-24,Bank Transfer,4581.6
PAY001169,INV01090,2024-09-13,Cash,616.19
PAY001170,INV01090,2024-09-12,Credit Card,1022.24
PAY001171,INV01091,2025-06-04,Bank Transfer,3624.08
PAY001172,INV01092,2025-11-04,Bank Transfer,4032.34
PAY001173,INV01093,2025-01-21,Credit Card,3257.3
PAY001174,INV01094,2024-06-19,Credit Card,86.8
PAY001175,INV01095,2024-11-07,Bank Transfer,7023.53
PAY001176,INV01096,2024-05-29,Credit Card,5263.67
PAY001177,INV01097,2025-07-28,Cash,544.63
PAY001178,INV01097,2025-08-10,Cash,250.53
PAY001179,INV01098,2024-11-12,Bank Transfer,2445.02
PAY001180,INV01099,2024-08-18,Credit Card,9219.37
PAY001181,INV01100,2024-09-17,Cash,1630.24
PAY001182,INV01101,2025-10-11,Bank Transfer,820.04
PAY001183,INV01102,2025-08-15,Credit Card,464.69
PAY001184,INV01103,2025-09-30,Cash,2828.84
PAY001185,INV01104,2024-10-24,Credit Card,3031.42
PAY001186,INV01105,2024-09-08,Cash,357.73
PAY001187,INV01106,2024-11-23,Bank Transfer,2934.48
PAY001188,INV01107,2025-08-16,Credit Card,1146.56
PAY001189,INV01108,2024-02-08,Credit Card,6840.34
PAY001190,INV01109,2025-07-27,Cash,4673.21
PAY001191,INV01110,2025-04-05,Bank Transfer,1891.03
PAY001192,INV01110,2025-03-07,Cash,813.54
PAY001193,INV01111,2025-06-15,Bank Transfer,399.54
PAY001194,INV01112,2024-10-21,Cash,1617.2
PAY001195,INV01113,2025-04-05,Cash,3616.26
PAY001196,INV01114,2025-11-23,Bank Transfer,5220.9
PAY001197,INV01115,2024-07-03,Cash,2697.8
PAY001198,INV01115,2024-08-25,Cash,1166.4
PAY001199,INV01116,2025-07-21,Credit Card,530.21
PAY001200,INV01117,2025-02-23,Cash,4883.39
PAY001201,INV01118,2024-06-19,Cash,3621.98
PAY001202,INV01119,2025-11-26,Credit Card,3073.18
PAY001203,INV01120,2024-06-03,Cash,6049.45
PAY001204,INV01121,2025-08-09,Cash,3964.4
PAY001205,INV01122,2024-05-18,Cash,2329.15
PAY001206,INV01123,2024-11-17,Bank Transfer,3225.46
PAY001207,INV01124,2024-11-21,Credit Card,2033.6
PAY001208,INV01125,2024-07-14,Bank Transfer,6874.32
PAY001209,INV01126,2025-08-28,Credit Card,2479.55
PAY001210,INV01127,2024-08-29,Cash,5444.57
PAY001211,INV01128,2025-11-23,Credit Card,917.39
PAY001212,INV01128,2025-11-17,Credit Card,1562.66
PAY001213,INV01130,2025-07-18,Cash,7795.73
PAY001214,INV01131,2024-01-24,Bank Transfer,4013.12
PAY001215,INV01132,2025-08-22,Credit Card,6306.36
PAY001216,INV01133,2025-05-02,Cash,1299.08
PAY001217,INV01134,2025-01-16,Cash,1829.15
PAY001218,INV01134,2025-01-29,Cash,3640.28
PAY001219,INV01135,2025-06-29,Cash,5449.84
PAY001220,INV01136,2024-07-11,Cash,4118.27
PAY001221,INV01137,2025-05-23,Credit Card,2639.93
PAY001222,INV01138,2024-10-24,Cash,2925.8
PAY001223,INV01139,2025-07-01,Cash,4001.75
PAY001224,INV01139,2025-08-19,Bank Transfer,1722.36
PAY001225,INV01140,2025-10-28,Bank Transfer,2193.9
PAY001226,INV01141,2025-09-19,Cash,1334.89
PAY001227,INV01142,2025-04-10,Credit Card,3303.19
PAY001228,INV01143,2024-02-14,Cash,2013.38
PAY001229,INV01144,2025-01-16,Cash,3052.62
PAY001230,INV01145,2025-07-25,Cash,4266.32
PAY001231,INV01146,2024-07-28,Credit Card,4022.33
PAY001232,INV01147,2025-12-15,Bank Transfer,3649.66
PAY001233,INV01148,2024-11-03,Credit Card,213.29
PAY001234,INV01149,2025-07-08,Bank Transfer,470.12
PAY001235,INV01150,2024-10-12,Bank Transfer,308.69
PAY001236,INV01150,2024-10-13,Cash,309.97
PAY001237,INV01151,2024-12-15,Bank Transfer,2425.44
PAY001238,INV01152,2025-02-05,Cash,488.41
PAY001239,INV01153,2025-12-10,Bank Transfer,3880.1
PAY001240,INV01154,2025-09-11,Bank Transfer,2754.48
PAY001241,INV01155,2024-02-19,Credit Card,7790.35
PAY001242,INV01156,2024-10-17,Bank Transfer,376.12
PAY001243,INV01157,2024-06-01,Cash,2480.87
PAY001244,INV01159,2025-08-16,Cash,3196.88
PAY001245,INV01160,2024-11-05,Cash,195.87
PAY001246,INV01160,2024-12-06,Bank Transfer,212.62
PAY001247,INV01161,2024-10-21,Bank Transfer,1587.63
PAY001248,INV01161,2024-10-02,Credit Card,1591.41
PAY001249,INV01162,2025-10-02,Bank Transfer,2973.49
PAY001250,INV01163,2024-03-22,Bank Transfer,3193.32
PAY001251,INV01164,2024-05-29,Cash,965.88
PAY001252,INV01165,2025-12-02,Credit Card,3090.6
PAY001253,INV01165,2026-01-08,Credit Card,3074.35
PAY001254,INV01166,2025-06-20,Bank Transfer,3172.98
PAY001255,INV01167,2024-06-01,Bank Transfer,1056.67
PAY001256,INV01168,2024-08-12,Bank Transfer,337.58
PAY001257,INV01169,2025-08-17,Bank Transfer,4081.56
PAY001258,INV01170,2025-07-03,Cash,3158.16
PAY001259,INV01171,2025-04-09,Credit Card,867.71
PAY001260,INV01171,2025-05-05,Bank Transfer,601.65
PAY001261,INV01172,2025-05-23,Credit Card,1513.53
PAY001262,INV01173,2024-05-23,Cash,1465.24
PAY001263,INV01174,2025-05-12,Cash,1540.5
PAY001264,INV01175,2024-04-12,Cash,7285.67
PAY001265,INV01176,2024-12-13,Bank Transfer,2412.0
PAY001266,INV01177,2025-09-12,Cash,3265.25
PAY001267,INV01178,2024-10-22,Cash,1547.99
PAY001268,INV01179,2024-03-14,Bank Transfer,520.45
PAY001269,INV01179,2024-03-10,Cash,411.59
PAY001270,INV01180,2025-11-03,Cash,4605.06
PAY001271,INV01181,2025-06-09,Cash,859.99
PAY001272,INV01182,2024-05-26,Cash,3331.14
PAY001273,INV01183,2025-01-13,Cash,911.16
PAY001274,INV01185,2025-04-01,Bank Transfer,1926.42
PAY001275,INV01186,2024-06-25,Bank Transfer,1665.33
PAY001276,INV01186,2024-06-27,Bank Transfer,1278.65
PAY001277,INV01187,2025-02-12,Credit Card,2183.57
PAY001278,INV01188,2025-03-10,Cash,3108.79
PAY001279,INV01189,2025-07-05,Bank Transfer,1223.68
PAY001280,INV01189,2025-08-11,Credit Card,994.64
PAY001281,INV01190,2025-06-11,Bank Transfer,1591.43
PAY001282,INV01191,2025-08-19,Cash,427.79
PAY001283,INV01192,2025-11-14,Cash,3268.56
PAY001284,INV01192,2025-10-31,Bank Transfer,1626.77
PAY001285,INV01193,2024-07-18,Bank Transfer,5702.69
PAY001286,INV01194,2024-05-06,Credit Card,1225.44
PAY001287,INV01194,2024-04-21,Cash,1071.41
PAY001288,INV01195,2024-08-02,Bank Transfer,309.8
PAY001289,INV01195,2024-08-23,Credit Card,341.42
PAY001290,INV01196,2025-07-20,Bank Transfer,4989.42
PAY001291,INV01197,2024-05-26,Bank Transfer,2197.88
PAY001292,INV01198,2024-06-30,Credit Card,997.85
PAY001293,INV01198,2024-06-07,Bank Transfer,1322.15
PAY001294,INV01199,2025-07-26,Bank Transfer,981.66
PAY001295,INV01200,2024-11-11,Cash,982.71
PAY001296,INV01200,2024-10-30,Cash,1322.05
